tag,seed,cls,ece,brier
voltkd,42,NORM,0.06544808244748702,0.09553878754377365
voltkd,42,MI,0.038750454100699924,0.08512048423290253
voltkd,42,STTC,0.02719043703116235,0.0787682980298996
voltkd,42,CD,0.0328182473198698,0.07750767469406128
voltkd,42,HYP,0.01728053867775494,0.0656716451048851
voltkd,123,NORM,0.06370117884660978,0.09540371596813202
voltkd,123,MI,0.03893055422257449,0.086764857172966
voltkd,123,STTC,0.023526735531306023,0.07776874303817749
voltkd,123,CD,0.03274785237001864,0.07417707145214081
voltkd,123,HYP,0.02802128314046643,0.06761988252401352
voltkd,456,NORM,0.07201175340274357,0.09722429513931274
voltkd,456,MI,0.027533784089221573,0.0855633094906807
voltkd,456,STTC,0.03390745303150787,0.0825716033577919
voltkd,456,CD,0.035655038029065944,0.07498093694448471
voltkd,456,HYP,0.024445269011699897,0.06790518760681152
voltkd,789,NORM,0.059055392611409296,0.09439734369516373
voltkd,789,MI,0.029002042071232654,0.0837186649441719
voltkd,789,STTC,0.022651737284837107,0.07809281349182129
voltkd,789,CD,0.03379556778352276,0.07616927474737167
voltkd,789,HYP,0.02248247627745468,0.06660960614681244
voltkd,2025,NORM,0.06611914140887841,0.09658823162317276
voltkd,2025,MI,0.045037539586928896,0.08906127512454987
voltkd,2025,STTC,0.026020020581402077,0.07978661358356476
voltkd,2025,CD,0.03362036323428596,0.07688861340284348
voltkd,2025,HYP,0.015974875688863584,0.06549341231584549
ref_msca_mamba,42,NORM,0.05856743784478077,0.10669228434562683
ref_msca_mamba,42,MI,0.04351004863207931,0.10730133205652237
ref_msca_mamba,42,STTC,0.018301689615809774,0.08928872644901276
ref_msca_mamba,42,CD,0.043557268502648176,0.09039188921451569
ref_msca_mamba,42,HYP,0.026175151210523405,0.0866025909781456
ref_msca_mamba,123,NORM,0.045685034178791224,0.10251327604055405
ref_msca_mamba,123,MI,0.03405113203193823,0.10411287844181061
ref_msca_mamba,123,STTC,0.02476018280191373,0.08984646201133728
ref_msca_mamba,123,CD,0.03698065562607018,0.09051202237606049
ref_msca_mamba,123,HYP,0.028208753408258215,0.0876162201166153
ref_msca_mamba,456,NORM,0.05570611408354924,0.10602658241987228
ref_msca_mamba,456,MI,0.039642418629426836,0.10094446688890457
ref_msca_mamba,456,STTC,0.020998024822759122,0.08586718142032623
ref_msca_mamba,456,CD,0.02937223343480727,0.08905049413442612
ref_msca_mamba,456,HYP,0.036917062250136,0.08951108157634735
ref_msca_mamba,789,NORM,0.06356227677660728,0.10728330165147781
ref_msca_mamba,789,MI,0.04404978227885346,0.10541269928216934
ref_msca_mamba,789,STTC,0.022980781247885943,0.09191428124904633
ref_msca_mamba,789,CD,0.04357453190183838,0.09278329461812973
ref_msca_mamba,789,HYP,0.022748478457842634,0.08641983568668365
ref_msca_mamba,2025,NORM,0.059551442838666674,0.10854274034500122
ref_msca_mamba,2025,MI,0.0322973622808421,0.10737891495227814
ref_msca_mamba,2025,STTC,0.022604703922187212,0.08927930146455765
ref_msca_mamba,2025,CD,0.047364537508345184,0.09057087451219559
ref_msca_mamba,2025,HYP,0.03166492310619332,0.08827546238899231
