tag,seed,cls,bin,n,conf,obs
voltkd,42,NORM,0,774,0.015673618763685226,0.009043927304446697
voltkd,42,NORM,1,78,0.14064131677150726,0.08974359184503555
voltkd,42,NORM,2,56,0.24500393867492676,0.1428571492433548
voltkd,42,NORM,3,70,0.3473072052001953,0.30000001192092896
voltkd,42,NORM,4,44,0.4608762562274933,0.3181818127632141
voltkd,42,NORM,5,60,0.5497571229934692,0.36666667461395264
voltkd,42,NORM,6,69,0.654854416847229,0.4492753744125366
voltkd,42,NORM,7,87,0.755717396736145,0.5517241358757019
voltkd,42,NORM,8,150,0.8562461137771606,0.6933333277702332
voltkd,42,NORM,9,770,0.9746370911598206,0.9103896021842957
voltkd,42,MI,0,1353,0.016978980973362923,0.036954913288354874
voltkd,42,MI,1,141,0.14373134076595306,0.24113474786281586
voltkd,42,MI,2,64,0.24955731630325317,0.359375
voltkd,42,MI,3,62,0.35219481587409973,0.5322580933570862
voltkd,42,MI,4,56,0.45181745290756226,0.5
voltkd,42,MI,5,56,0.5579280257225037,0.4285714328289032
voltkd,42,MI,6,61,0.6481960415840149,0.5245901346206665
voltkd,42,MI,7,63,0.7439801096916199,0.6666666865348816
voltkd,42,MI,8,91,0.8519423604011536,0.8571428656578064
voltkd,42,MI,9,211,0.96756511926651,0.9763033390045166
voltkd,42,STTC,0,1401,0.015261288732290268,0.03354746475815773
voltkd,42,STTC,1,117,0.14376887679100037,0.19658119976520538
voltkd,42,STTC,2,77,0.2474052608013153,0.3636363744735718
voltkd,42,STTC,3,53,0.3496612012386322,0.4528301954269409
voltkd,42,STTC,4,49,0.452675461769104,0.44897958636283875
voltkd,42,STTC,5,54,0.5474501252174377,0.6111111044883728
voltkd,42,STTC,6,43,0.6525969505310059,0.6976743936538696
voltkd,42,STTC,7,66,0.7471514940261841,0.7575757503509521
voltkd,42,STTC,8,127,0.8552702069282532,0.8188976645469666
voltkd,42,STTC,9,171,0.9450105428695679,0.9356725215911865
voltkd,42,CD,0,1467,0.020048748701810837,0.047034766525030136
voltkd,42,CD,1,142,0.13633203506469727,0.2112676054239273
voltkd,42,CD,2,64,0.23993173241615295,0.359375
voltkd,42,CD,3,46,0.35334280133247375,0.3478260934352875
voltkd,42,CD,4,36,0.4538656771183014,0.4166666567325592
voltkd,42,CD,5,41,0.5580499768257141,0.6341463327407837
voltkd,42,CD,6,37,0.6497068405151367,0.5945945978164673
voltkd,42,CD,7,42,0.755734920501709,0.6666666865348816
voltkd,42,CD,8,52,0.8580082654953003,0.8461538553237915
voltkd,42,CD,9,231,0.9733278751373291,0.9653679728507996
voltkd,42,HYP,0,1606,0.01944442093372345,0.034246575087308884
voltkd,42,HYP,1,178,0.14486123621463776,0.12359550595283508
voltkd,42,HYP,2,116,0.2446165531873703,0.25
voltkd,42,HYP,3,59,0.35235580801963806,0.32203391194343567
voltkd,42,HYP,4,38,0.4415784180164337,0.42105263471603394
voltkd,42,HYP,5,35,0.5458174347877502,0.6000000238418579
voltkd,42,HYP,6,20,0.6397402882575989,0.6000000238418579
voltkd,42,HYP,7,36,0.7540763020515442,0.7222222089767456
voltkd,42,HYP,8,23,0.8440579771995544,0.739130437374115
voltkd,42,HYP,9,47,0.9512954354286194,0.957446813583374
voltkd,123,NORM,0,774,0.01574581116437912,0.009043927304446697
voltkd,123,NORM,1,101,0.14456653594970703,0.12871287763118744
voltkd,123,NORM,2,56,0.24544596672058105,0.1785714328289032
voltkd,123,NORM,3,38,0.3437393605709076,0.31578946113586426
voltkd,123,NORM,4,56,0.4444195330142975,0.25
voltkd,123,NORM,5,58,0.5572490692138672,0.3965517282485962
voltkd,123,NORM,6,60,0.651662290096283,0.4833333194255829
voltkd,123,NORM,7,92,0.7488178610801697,0.489130437374115
voltkd,123,NORM,8,145,0.8586122989654541,0.682758629322052
voltkd,123,NORM,9,778,0.9732311964035034,0.9138817191123962
voltkd,123,MI,0,1312,0.01887185126543045,0.038109757006168365
voltkd,123,MI,1,173,0.14212670922279358,0.18497109413146973
voltkd,123,MI,2,66,0.2461261749267578,0.3181818127632141
voltkd,123,MI,3,62,0.34745508432388306,0.5322580933570862
voltkd,123,MI,4,52,0.44963088631629944,0.42307692766189575
voltkd,123,MI,5,50,0.5516968965530396,0.6600000262260437
voltkd,123,MI,6,49,0.6523512005805969,0.5714285969734192
voltkd,123,MI,7,78,0.7583017945289612,0.5128205418586731
voltkd,123,MI,8,93,0.8523103594779968,0.8064516186714172
voltkd,123,MI,9,223,0.9642471075057983,0.9686098694801331
voltkd,123,STTC,0,1366,0.015001733787357807,0.0307467058300972
voltkd,123,STTC,1,122,0.14355839788913727,0.17213115096092224
voltkd,123,STTC,2,95,0.2459171563386917,0.2526315748691559
voltkd,123,STTC,3,67,0.34326863288879395,0.5074626803398132
voltkd,123,STTC,4,48,0.4495692551136017,0.5
voltkd,123,STTC,5,46,0.5410833358764648,0.52173912525177
voltkd,123,STTC,6,67,0.6464380621910095,0.7164179086685181
voltkd,123,STTC,7,72,0.7556156516075134,0.75
voltkd,123,STTC,8,110,0.8543553948402405,0.8818181753158569
voltkd,123,STTC,9,165,0.9437207579612732,0.9272727370262146
voltkd,123,CD,0,1488,0.01910749264061451,0.0463709682226181
voltkd,123,CD,1,121,0.14218488335609436,0.19834710657596588
voltkd,123,CD,2,63,0.2450791597366333,0.2698412835597992
voltkd,123,CD,3,44,0.34523728489875793,0.4545454680919647
voltkd,123,CD,4,38,0.45013055205345154,0.6052631735801697
voltkd,123,CD,5,43,0.5492127537727356,0.5116279125213623
voltkd,123,CD,6,38,0.6559794545173645,0.5789473652839661
voltkd,123,CD,7,51,0.7526831030845642,0.7647058963775635
voltkd,123,CD,8,50,0.8530617356300354,0.9200000166893005
voltkd,123,CD,9,222,0.975396990776062,0.9639639854431152
voltkd,123,HYP,0,1676,0.0193487498909235,0.036992840468883514
voltkd,123,HYP,1,176,0.14367762207984924,0.1875
voltkd,123,HYP,2,75,0.2505136728286743,0.3333333432674408
voltkd,123,HYP,3,58,0.3448766767978668,0.27586206793785095
voltkd,123,HYP,4,37,0.4385004937648773,0.5945945978164673
voltkd,123,HYP,5,29,0.5515957474708557,0.517241358757019
voltkd,123,HYP,6,23,0.6524189114570618,0.739130437374115
voltkd,123,HYP,7,31,0.7572501301765442,0.8064516186714172
voltkd,123,HYP,8,20,0.8521732091903687,0.75
voltkd,123,HYP,9,33,0.9504079818725586,0.9696969985961914
voltkd,456,NORM,0,751,0.015461824834346771,0.007989347912371159
voltkd,456,NORM,1,95,0.14606982469558716,0.10526315867900848
voltkd,456,NORM,2,60,0.24383452534675598,0.1666666716337204
voltkd,456,NORM,3,59,0.3514806926250458,0.22033898532390594
voltkd,456,NORM,4,43,0.450132817029953,0.3255814015865326
voltkd,456,NORM,5,66,0.5411766767501831,0.3636363744735718
voltkd,456,NORM,6,52,0.6567290425300598,0.38461539149284363
voltkd,456,NORM,7,80,0.7488840222358704,0.5
voltkd,456,NORM,8,159,0.8554187417030334,0.6603773832321167
voltkd,456,NORM,9,793,0.9740225672721863,0.9092055559158325
voltkd,456,MI,0,1301,0.019293073564767838,0.033051498234272
voltkd,456,MI,1,144,0.14558564126491547,0.2361111044883728
voltkd,456,MI,2,96,0.24609680473804474,0.2604166567325592
voltkd,456,MI,3,65,0.35397931933403015,0.3692307770252228
voltkd,456,MI,4,50,0.452195942401886,0.5400000214576721
voltkd,456,MI,5,57,0.5482074618339539,0.5263158082962036
voltkd,456,MI,6,60,0.6534494161605835,0.6333333253860474
voltkd,456,MI,7,68,0.7533953189849854,0.6470588445663452
voltkd,456,MI,8,77,0.8479451537132263,0.7142857313156128
voltkd,456,MI,9,240,0.9656201004981995,0.9583333134651184
voltkd,456,STTC,0,1402,0.014964339323341846,0.03495007008314133
voltkd,456,STTC,1,130,0.14305707812309265,0.23846153914928436
voltkd,456,STTC,2,84,0.24751082062721252,0.3214285671710968
voltkd,456,STTC,3,55,0.3559124767780304,0.4727272689342499
voltkd,456,STTC,4,46,0.44690534472465515,0.5652173757553101
voltkd,456,STTC,5,46,0.5457256436347961,0.6304348111152649
voltkd,456,STTC,6,60,0.6489257216453552,0.7333333492279053
voltkd,456,STTC,7,80,0.7513887286186218,0.7749999761581421
voltkd,456,STTC,8,109,0.8542182445526123,0.853210985660553
voltkd,456,STTC,9,146,0.9432443976402283,0.9178082346916199
voltkd,456,CD,0,1490,0.018999066203832626,0.0463087260723114
voltkd,456,CD,1,127,0.14160241186618805,0.18110236525535583
voltkd,456,CD,2,67,0.2452791929244995,0.35820895433425903
voltkd,456,CD,3,50,0.3471682071685791,0.46000000834465027
voltkd,456,CD,4,39,0.4526946246623993,0.5128205418586731
voltkd,456,CD,5,35,0.5568683743476868,0.7428571581840515
voltkd,456,CD,6,30,0.6416719555854797,0.7333333492279053
voltkd,456,CD,7,42,0.7469067573547363,0.6904761791229248
voltkd,456,CD,8,62,0.8538655638694763,0.8064516186714172
voltkd,456,CD,9,216,0.9773781895637512,0.9722222089767456
voltkd,456,HYP,0,1672,0.02012912929058075,0.038277510553598404
voltkd,456,HYP,1,162,0.14544881880283356,0.18518517911434174
voltkd,456,HYP,2,75,0.2422494739294052,0.20000000298023224
voltkd,456,HYP,3,68,0.3443961441516876,0.3970588147640228
voltkd,456,HYP,4,38,0.45092639327049255,0.4736842215061188
voltkd,456,HYP,5,25,0.5410223007202148,0.5199999809265137
voltkd,456,HYP,6,28,0.6405118703842163,0.7142857313156128
voltkd,456,HYP,7,26,0.7541866302490234,0.807692289352417
voltkd,456,HYP,8,27,0.8540204167366028,0.8148148059844971
voltkd,456,HYP,9,37,0.9544868469238281,0.8648648858070374
voltkd,789,NORM,0,798,0.016061369329690933,0.01002506259828806
voltkd,789,NORM,1,89,0.14642152190208435,0.16853933036327362
voltkd,789,NORM,2,59,0.24474959075450897,0.1525423675775528
voltkd,789,NORM,3,45,0.3464077115058899,0.31111112236976624
voltkd,789,NORM,4,42,0.45465806126594543,0.3095238208770752
voltkd,789,NORM,5,70,0.5515055656433105,0.4000000059604645
voltkd,789,NORM,6,58,0.648171067237854,0.48275861144065857
voltkd,789,NORM,7,80,0.7477412223815918,0.574999988079071
voltkd,789,NORM,8,148,0.8585268259048462,0.6959459185600281
voltkd,789,NORM,9,769,0.9732786417007446,0.9089726805686951
voltkd,789,MI,0,1342,0.01816839724779129,0.03725782409310341
voltkd,789,MI,1,125,0.14621368050575256,0.20000000298023224
voltkd,789,MI,2,76,0.24398314952850342,0.3552631437778473
voltkd,789,MI,3,56,0.3496232330799103,0.3571428656578064
voltkd,789,MI,4,63,0.44623416662216187,0.4761904776096344
voltkd,789,MI,5,47,0.5476128458976746,0.5106382966041565
voltkd,789,MI,6,54,0.6488279700279236,0.6111111044883728
voltkd,789,MI,7,73,0.7574280500411987,0.6575342416763306
voltkd,789,MI,8,87,0.8532592058181763,0.7586206793785095
voltkd,789,MI,9,235,0.9667198657989502,0.9659574627876282
voltkd,789,STTC,0,1374,0.01474833581596613,0.03347889333963394
voltkd,789,STTC,1,114,0.14282973110675812,0.14912280440330505
voltkd,789,STTC,2,63,0.24779312312602997,0.2698412835597992
voltkd,789,STTC,3,77,0.34874391555786133,0.3636363744735718
voltkd,789,STTC,4,54,0.44693437218666077,0.5
voltkd,789,STTC,5,61,0.5530868768692017,0.5737704634666443
voltkd,789,STTC,6,52,0.6490154266357422,0.75
voltkd,789,STTC,7,65,0.7521254420280457,0.7076923251152039
voltkd,789,STTC,8,129,0.8558570742607117,0.8682170510292053
voltkd,789,STTC,9,169,0.9469376802444458,0.9112426042556763
voltkd,789,CD,0,1484,0.01836402155458927,0.050539083778858185
voltkd,789,CD,1,127,0.1421019434928894,0.19685038924217224
voltkd,789,CD,2,72,0.24946552515029907,0.2361111044883728
voltkd,789,CD,3,45,0.34742018580436707,0.46666666865348816
voltkd,789,CD,4,38,0.45227235555648804,0.5
voltkd,789,CD,5,36,0.5532662272453308,0.6111111044883728
voltkd,789,CD,6,39,0.638438880443573,0.6666666865348816
voltkd,789,CD,7,41,0.7500745058059692,0.6829268336296082
voltkd,789,CD,8,55,0.8443109393119812,0.8909090757369995
voltkd,789,CD,9,221,0.975517988204956,0.9683257937431335
voltkd,789,HYP,0,1618,0.018953917548060417,0.03399258479475975
voltkd,789,HYP,1,196,0.14058274030685425,0.13775509595870972
voltkd,789,HYP,2,95,0.24824956059455872,0.31578946113586426
voltkd,789,HYP,3,50,0.34866398572921753,0.23999999463558197
voltkd,789,HYP,4,39,0.4462030827999115,0.41025641560554504
voltkd,789,HYP,5,30,0.5445795655250549,0.6666666865348816
voltkd,789,HYP,6,25,0.641947329044342,0.6000000238418579
voltkd,789,HYP,7,26,0.7540620565414429,0.7692307829856873
voltkd,789,HYP,8,33,0.860640287399292,0.7575757503509521
voltkd,789,HYP,9,46,0.953743040561676,0.9130434989929199
voltkd,2025,NORM,0,776,0.015086889266967773,0.007731958758085966
voltkd,2025,NORM,1,80,0.14875037968158722,0.15000000596046448
voltkd,2025,NORM,2,63,0.2461480051279068,0.2698412835597992
voltkd,2025,NORM,3,63,0.3445661962032318,0.2063492089509964
voltkd,2025,NORM,4,37,0.45334306359291077,0.21621622145175934
voltkd,2025,NORM,5,53,0.5519439578056335,0.35849055647850037
voltkd,2025,NORM,6,81,0.6500101089477539,0.4444444477558136
voltkd,2025,NORM,7,82,0.754711389541626,0.5243902206420898
voltkd,2025,NORM,8,156,0.86179119348526,0.692307710647583
voltkd,2025,NORM,9,767,0.9734994173049927,0.9139504432678223
voltkd,2025,MI,0,1383,0.017051002010703087,0.043383948504924774
voltkd,2025,MI,1,142,0.1404261589050293,0.26760563254356384
voltkd,2025,MI,2,73,0.24134871363639832,0.39726027846336365
voltkd,2025,MI,3,53,0.3595660924911499,0.49056604504585266
voltkd,2025,MI,4,45,0.44970405101776123,0.5555555820465088
voltkd,2025,MI,5,50,0.5488507747650146,0.6399999856948853
voltkd,2025,MI,6,62,0.6476283669471741,0.5322580933570862
voltkd,2025,MI,7,58,0.7510778307914734,0.7068965435028076
voltkd,2025,MI,8,95,0.8530274033546448,0.800000011920929
voltkd,2025,MI,9,197,0.9660642743110657,0.9644669890403748
voltkd,2025,STTC,0,1378,0.014141860418021679,0.035558782517910004
voltkd,2025,STTC,1,140,0.14258158206939697,0.18571428954601288
voltkd,2025,STTC,2,67,0.24250958859920502,0.23880596458911896
voltkd,2025,STTC,3,52,0.3472960293292999,0.48076921701431274
voltkd,2025,STTC,4,56,0.44394651055336,0.5
voltkd,2025,STTC,5,49,0.5502501130104065,0.6122449040412903
voltkd,2025,STTC,6,54,0.6433880925178528,0.5925925970077515
voltkd,2025,STTC,7,64,0.7527053356170654,0.765625
voltkd,2025,STTC,8,125,0.8518552780151367,0.8479999899864197
voltkd,2025,STTC,9,173,0.9432536959648132,0.9248554706573486
voltkd,2025,CD,0,1487,0.019401680678129196,0.051109615713357925
voltkd,2025,CD,1,126,0.1395849734544754,0.2063492089509964
voltkd,2025,CD,2,64,0.24905723333358765,0.25
voltkd,2025,CD,3,52,0.3448702394962311,0.4615384638309479
voltkd,2025,CD,4,39,0.45325058698654175,0.4871794879436493
voltkd,2025,CD,5,29,0.5445612668991089,0.4137931168079376
voltkd,2025,CD,6,48,0.6465552449226379,0.7083333134651184
voltkd,2025,CD,7,31,0.7483876347541809,0.7419354915618896
voltkd,2025,CD,8,54,0.8520052433013916,0.8518518805503845
voltkd,2025,CD,9,228,0.9762040376663208,0.9649122953414917
voltkd,2025,HYP,0,1591,0.01984044723212719,0.0326838456094265
voltkd,2025,HYP,1,190,0.14208057522773743,0.1315789520740509
voltkd,2025,HYP,2,107,0.24804240465164185,0.22429905831813812
voltkd,2025,HYP,3,64,0.35012778639793396,0.34375
voltkd,2025,HYP,4,33,0.4511411786079407,0.3030303120613098
voltkd,2025,HYP,5,46,0.5503359436988831,0.5869565010070801
voltkd,2025,HYP,6,26,0.6455857753753662,0.6538461446762085
voltkd,2025,HYP,7,32,0.7469934225082397,0.75
voltkd,2025,HYP,8,28,0.8610658645629883,0.7857142686843872
voltkd,2025,HYP,9,41,0.9487102031707764,0.9512194991111755
ref_msca_mamba,42,NORM,0,794,0.01793387345969677,0.013853903859853745
ref_msca_mamba,42,NORM,1,93,0.14776211977005005,0.24731183052062988
ref_msca_mamba,42,NORM,2,54,0.24356688559055328,0.24074074625968933
ref_msca_mamba,42,NORM,3,64,0.343025267124176,0.296875
ref_msca_mamba,42,NORM,4,48,0.45558056235313416,0.4375
ref_msca_mamba,42,NORM,5,48,0.5554821491241455,0.3958333432674408
ref_msca_mamba,42,NORM,6,66,0.6527582406997681,0.5909090638160706
ref_msca_mamba,42,NORM,7,100,0.7553218603134155,0.5600000023841858
ref_msca_mamba,42,NORM,8,160,0.8543710708618164,0.675000011920929
ref_msca_mamba,42,NORM,9,731,0.9629822969436646,0.8946648240089417
ref_msca_mamba,42,MI,0,1236,0.02039322443306446,0.042880259454250336
ref_msca_mamba,42,MI,1,193,0.140952467918396,0.2849740982055664
ref_msca_mamba,42,MI,2,103,0.24629102647304535,0.223300963640213
ref_msca_mamba,42,MI,3,67,0.3542739748954773,0.4029850661754608
ref_msca_mamba,42,MI,4,69,0.45334935188293457,0.43478259444236755
ref_msca_mamba,42,MI,5,64,0.5553169250488281,0.546875
ref_msca_mamba,42,MI,6,70,0.6462228298187256,0.6428571343421936
ref_msca_mamba,42,MI,7,81,0.7539262771606445,0.6296296119689941
ref_msca_mamba,42,MI,8,104,0.8530740141868591,0.7211538553237915
ref_msca_mamba,42,MI,9,171,0.9522116780281067,0.9122806787490845
ref_msca_mamba,42,STTC,0,1246,0.020650949329137802,0.0272873193025589
ref_msca_mamba,42,STTC,1,178,0.1410515308380127,0.16292135417461395
ref_msca_mamba,42,STTC,2,114,0.24590061604976654,0.22807016968727112
ref_msca_mamba,42,STTC,3,65,0.3450835347175598,0.4000000059604645
ref_msca_mamba,42,STTC,4,57,0.45600050687789917,0.5263158082962036
ref_msca_mamba,42,STTC,5,61,0.547654926776886,0.5573770403862
ref_msca_mamba,42,STTC,6,81,0.6488155722618103,0.6296296119689941
ref_msca_mamba,42,STTC,7,90,0.7510302066802979,0.6888889074325562
ref_msca_mamba,42,STTC,8,127,0.8505702614784241,0.7795275449752808
ref_msca_mamba,42,STTC,9,139,0.9421642422676086,0.935251772403717
ref_msca_mamba,42,CD,0,1450,0.029471877962350845,0.06137930974364281
ref_msca_mamba,42,CD,1,209,0.14225101470947266,0.23444975912570953
ref_msca_mamba,42,CD,2,76,0.2452017068862915,0.3552631437778473
ref_msca_mamba,42,CD,3,48,0.3468659222126007,0.3958333432674408
ref_msca_mamba,42,CD,4,47,0.4439137578010559,0.5319148898124695
ref_msca_mamba,42,CD,5,35,0.5488061308860779,0.6571428775787354
ref_msca_mamba,42,CD,6,35,0.6495593190193176,0.6000000238418579
ref_msca_mamba,42,CD,7,42,0.7489321827888489,0.8333333134651184
ref_msca_mamba,42,CD,8,48,0.8578338027000427,0.9166666865348816
ref_msca_mamba,42,CD,9,168,0.9659825563430786,0.976190447807312
ref_msca_mamba,42,HYP,0,1387,0.030276861041784286,0.04902667552232742
ref_msca_mamba,42,HYP,1,350,0.14227233827114105,0.12857143580913544
ref_msca_mamba,42,HYP,2,153,0.24751780927181244,0.20915032923221588
ref_msca_mamba,42,HYP,3,114,0.3494061231613159,0.24561403691768646
ref_msca_mamba,42,HYP,4,73,0.45156964659690857,0.4931506812572479
ref_msca_mamba,42,HYP,5,46,0.5482301712036133,0.54347825050354
ref_msca_mamba,42,HYP,6,24,0.6371075510978699,0.75
ref_msca_mamba,42,HYP,7,11,0.7255706787109375,0.9090909361839294
ref_msca_mamba,123,NORM,0,887,0.017799636349081993,0.03494926542043686
ref_msca_mamba,123,NORM,1,113,0.14470325410366058,0.23893804848194122
ref_msca_mamba,123,NORM,2,66,0.24872656166553497,0.4848484992980957
ref_msca_mamba,123,NORM,3,66,0.34516116976737976,0.4848484992980957
ref_msca_mamba,123,NORM,4,62,0.4508539140224457,0.5645161271095276
ref_msca_mamba,123,NORM,5,57,0.5509728789329529,0.4912280738353729
ref_msca_mamba,123,NORM,6,71,0.6480202078819275,0.7042253613471985
ref_msca_mamba,123,NORM,7,106,0.7486568093299866,0.7169811129570007
ref_msca_mamba,123,NORM,8,168,0.8574660420417786,0.7559523582458496
ref_msca_mamba,123,NORM,9,562,0.9574192762374878,0.9341636896133423
ref_msca_mamba,123,MI,0,985,0.027928819879889488,0.025380710139870644
ref_msca_mamba,123,MI,1,251,0.1441996693611145,0.09561753273010254
ref_msca_mamba,123,MI,2,155,0.24504561722278595,0.19354838132858276
ref_msca_mamba,123,MI,3,113,0.35000550746917725,0.3008849620819092
ref_msca_mamba,123,MI,4,76,0.44547536969184875,0.3552631437778473
ref_msca_mamba,123,MI,5,105,0.5503061413764954,0.5523809790611267
ref_msca_mamba,123,MI,6,85,0.6528447270393372,0.5882353186607361
ref_msca_mamba,123,MI,7,101,0.7492212653160095,0.6138613820075989
ref_msca_mamba,123,MI,8,135,0.8515758514404297,0.7481481432914734
ref_msca_mamba,123,MI,9,152,0.9476695656776428,0.9144737124443054
ref_msca_mamba,123,STTC,0,1154,0.025289135053753853,0.025996534153819084
ref_msca_mamba,123,STTC,1,212,0.14196285605430603,0.09433962404727936
ref_msca_mamba,123,STTC,2,72,0.24400220811367035,0.1388888955116272
ref_msca_mamba,123,STTC,3,89,0.3517078161239624,0.3258427083492279
ref_msca_mamba,123,STTC,4,76,0.4486580789089203,0.42105263471603394
ref_msca_mamba,123,STTC,5,81,0.5560358762741089,0.5308641791343689
ref_msca_mamba,123,STTC,6,98,0.6507269740104675,0.5102040767669678
ref_msca_mamba,123,STTC,7,109,0.7541266083717346,0.7431192398071289
ref_msca_mamba,123,STTC,8,148,0.8511973023414612,0.7702702879905701
ref_msca_mamba,123,STTC,9,119,0.9280278086662292,0.9411764740943909
ref_msca_mamba,123,CD,0,1401,0.0352337546646595,0.05710206925868988
ref_msca_mamba,123,CD,1,249,0.14226672053337097,0.20883534848690033
ref_msca_mamba,123,CD,2,92,0.2431515008211136,0.4021739065647125
ref_msca_mamba,123,CD,3,55,0.3460487723350525,0.4363636374473572
ref_msca_mamba,123,CD,4,44,0.4554731547832489,0.5909090638160706
ref_msca_mamba,123,CD,5,33,0.5425143241882324,0.6060606241226196
ref_msca_mamba,123,CD,6,28,0.6446687579154968,0.6785714030265808
ref_msca_mamba,123,CD,7,35,0.7458762526512146,0.800000011920929
ref_msca_mamba,123,CD,8,51,0.8590524196624756,0.8823529481887817
ref_msca_mamba,123,CD,9,170,0.965260922908783,0.970588207244873
ref_msca_mamba,123,HYP,0,1319,0.03780867159366608,0.04776345565915108
ref_msca_mamba,123,HYP,1,358,0.14585818350315094,0.10335195809602737
ref_msca_mamba,123,HYP,2,173,0.24566051363945007,0.2023121416568756
ref_msca_mamba,123,HYP,3,135,0.34810706973075867,0.29629629850387573
ref_msca_mamba,123,HYP,4,104,0.4465284049510956,0.36538460850715637
ref_msca_mamba,123,HYP,5,49,0.544920802116394,0.6734693646430969
ref_msca_mamba,123,HYP,6,20,0.6352328062057495,0.800000011920929
ref_msca_mamba,456,NORM,0,865,0.015761489048600197,0.025433525443077087
ref_msca_mamba,456,NORM,1,84,0.14401476085186005,0.3214285671710968
ref_msca_mamba,456,NORM,2,69,0.2476820945739746,0.4057970941066742
ref_msca_mamba,456,NORM,3,57,0.34853607416152954,0.4912280738353729
ref_msca_mamba,456,NORM,4,53,0.44457143545150757,0.35849055647850037
ref_msca_mamba,456,NORM,5,50,0.5488298535346985,0.5199999809265137
ref_msca_mamba,456,NORM,6,74,0.6479949951171875,0.5540540814399719
ref_msca_mamba,456,NORM,7,81,0.7488397359848022,0.6172839403152466
ref_msca_mamba,456,NORM,8,165,0.8562425971031189,0.7090908885002136
ref_msca_mamba,456,NORM,9,660,0.9621362090110779,0.9166666865348816
ref_msca_mamba,456,MI,0,1273,0.0235904473811388,0.04399057477712631
ref_msca_mamba,456,MI,1,201,0.14664199948310852,0.24378108978271484
ref_msca_mamba,456,MI,2,122,0.24755169451236725,0.3360655605792999
ref_msca_mamba,456,MI,3,71,0.3480728268623352,0.4507042169570923
ref_msca_mamba,456,MI,4,72,0.4488435387611389,0.5416666865348816
ref_msca_mamba,456,MI,5,53,0.5546253323554993,0.6603773832321167
ref_msca_mamba,456,MI,6,60,0.6487148404121399,0.5666666626930237
ref_msca_mamba,456,MI,7,76,0.7472028136253357,0.75
ref_msca_mamba,456,MI,8,81,0.8533862829208374,0.8024691343307495
ref_msca_mamba,456,MI,9,149,0.9558430314064026,0.9530201554298401
ref_msca_mamba,456,STTC,0,1258,0.020489687100052834,0.022257551550865173
ref_msca_mamba,456,STTC,1,180,0.14156706631183624,0.15000000596046448
ref_msca_mamba,456,STTC,2,90,0.2473067194223404,0.2888889014720917
ref_msca_mamba,456,STTC,3,63,0.3540952205657959,0.460317462682724
ref_msca_mamba,456,STTC,4,50,0.44602763652801514,0.4000000059604645
ref_msca_mamba,456,STTC,5,65,0.549964427947998,0.4923076927661896
ref_msca_mamba,456,STTC,6,74,0.6514655947685242,0.6756756901741028
ref_msca_mamba,456,STTC,7,66,0.7515642642974854,0.7121211886405945
ref_msca_mamba,456,STTC,8,139,0.8589598536491394,0.7841726541519165
ref_msca_mamba,456,STTC,9,173,0.9439199566841125,0.884393036365509
ref_msca_mamba,456,CD,0,1230,0.032923512160778046,0.04146341606974602
ref_msca_mamba,456,CD,1,254,0.1434548795223236,0.12598425149917603
ref_msca_mamba,456,CD,2,119,0.2446342259645462,0.29411765933036804
ref_msca_mamba,456,CD,3,66,0.34878620505332947,0.3484848439693451
ref_msca_mamba,456,CD,4,51,0.4423118233680725,0.27450981736183167
ref_msca_mamba,456,CD,5,42,0.5471609830856323,0.523809552192688
ref_msca_mamba,456,CD,6,42,0.6445485949516296,0.5476190447807312
ref_msca_mamba,456,CD,7,40,0.750839352607727,0.42500001192092896
ref_msca_mamba,456,CD,8,86,0.850109875202179,0.7674418687820435
ref_msca_mamba,456,CD,9,228,0.9727303385734558,0.9342105388641357
ref_msca_mamba,456,HYP,0,1208,0.03557264432311058,0.04139072820544243
ref_msca_mamba,456,HYP,1,379,0.14367623627185822,0.11081793904304504
ref_msca_mamba,456,HYP,2,200,0.24380706250667572,0.12999999523162842
ref_msca_mamba,456,HYP,3,128,0.34547820687294006,0.265625
ref_msca_mamba,456,HYP,4,104,0.45148107409477234,0.29807692766189575
ref_msca_mamba,456,HYP,5,67,0.5488573312759399,0.43283581733703613
ref_msca_mamba,456,HYP,6,50,0.6524169445037842,0.699999988079071
ref_msca_mamba,456,HYP,7,22,0.7316468954086304,0.6818181872367859
ref_msca_mamba,789,NORM,0,881,0.015464095398783684,0.037457436323165894
ref_msca_mamba,789,NORM,1,81,0.1435634046792984,0.29629629850387573
ref_msca_mamba,789,NORM,2,57,0.24917960166931152,0.35087719559669495
ref_msca_mamba,789,NORM,3,62,0.346358060836792,0.4677419364452362
ref_msca_mamba,789,NORM,4,47,0.445772260427475,0.5744680762290955
ref_msca_mamba,789,NORM,5,52,0.5518707036972046,0.3461538553237915
ref_msca_mamba,789,NORM,6,67,0.6470354795455933,0.5373134613037109
ref_msca_mamba,789,NORM,7,84,0.7517842054367065,0.523809552192688
ref_msca_mamba,789,NORM,8,146,0.8533533811569214,0.801369845867157
ref_msca_mamba,789,NORM,9,681,0.9636718034744263,0.9030836820602417
ref_msca_mamba,789,MI,0,1163,0.020780885592103004,0.035253655165433884
ref_msca_mamba,789,MI,1,184,0.14720992743968964,0.18478260934352875
ref_msca_mamba,789,MI,2,98,0.24983957409858704,0.26530611515045166
ref_msca_mamba,789,MI,3,74,0.3479691445827484,0.2567567527294159
ref_msca_mamba,789,MI,4,70,0.4476872384548187,0.37142857909202576
ref_msca_mamba,789,MI,5,75,0.5426550507545471,0.4399999976158142
ref_msca_mamba,789,MI,6,73,0.6453614234924316,0.5890411138534546
ref_msca_mamba,789,MI,7,79,0.7535846829414368,0.6708860993385315
ref_msca_mamba,789,MI,8,117,0.8527801632881165,0.632478654384613
ref_msca_mamba,789,MI,9,225,0.9537408947944641,0.8933333158493042
ref_msca_mamba,789,STTC,0,1287,0.02028486877679825,0.03418803587555885
ref_msca_mamba,789,STTC,1,172,0.14433975517749786,0.18023255467414856
ref_msca_mamba,789,STTC,2,101,0.24108797311782837,0.2871287167072296
ref_msca_mamba,789,STTC,3,67,0.3538954555988312,0.49253731966018677
ref_msca_mamba,789,STTC,4,67,0.4532587230205536,0.49253731966018677
ref_msca_mamba,789,STTC,5,84,0.5468655228614807,0.488095223903656
ref_msca_mamba,789,STTC,6,76,0.651252269744873,0.6842105388641357
ref_msca_mamba,789,STTC,7,85,0.7515263557434082,0.7411764860153198
ref_msca_mamba,789,STTC,8,118,0.8520317673683167,0.8559321761131287
ref_msca_mamba,789,STTC,9,101,0.9324087500572205,0.9306930899620056
ref_msca_mamba,789,CD,0,1078,0.037237297743558884,0.0352504625916481
ref_msca_mamba,789,CD,1,296,0.14243534207344055,0.12837837636470795
ref_msca_mamba,789,CD,2,128,0.24917373061180115,0.1015625
ref_msca_mamba,789,CD,3,99,0.35026535391807556,0.2626262605190277
ref_msca_mamba,789,CD,4,72,0.44924893975257874,0.3611111044883728
ref_msca_mamba,789,CD,5,55,0.5441632866859436,0.3636363744735718
ref_msca_mamba,789,CD,6,52,0.6451427936553955,0.4615384638309479
ref_msca_mamba,789,CD,7,59,0.753408670425415,0.5762711763381958
ref_msca_mamba,789,CD,8,73,0.8555274605751038,0.6575342416763306
ref_msca_mamba,789,CD,9,246,0.9692427515983582,0.9308943152427673
ref_msca_mamba,789,HYP,0,1328,0.03292803466320038,0.048192769289016724
ref_msca_mamba,789,HYP,1,387,0.14466536045074463,0.11369509249925613
ref_msca_mamba,789,HYP,2,191,0.2453024536371231,0.2041884809732437
ref_msca_mamba,789,HYP,3,100,0.34674274921417236,0.30000001192092896
ref_msca_mamba,789,HYP,4,69,0.4467448890209198,0.4492753744125366
ref_msca_mamba,789,HYP,5,48,0.5459027886390686,0.5416666865348816
ref_msca_mamba,789,HYP,6,22,0.6557484269142151,0.6818181872367859
ref_msca_mamba,789,HYP,7,12,0.7346314787864685,1.0
ref_msca_mamba,789,HYP,8,1,0.8287806510925293,1.0
ref_msca_mamba,2025,NORM,0,775,0.019816426560282707,0.015483871102333069
ref_msca_mamba,2025,NORM,1,103,0.14373549818992615,0.1456310749053955
ref_msca_mamba,2025,NORM,2,64,0.24730846285820007,0.234375
ref_msca_mamba,2025,NORM,3,46,0.3479178547859192,0.47826087474823
ref_msca_mamba,2025,NORM,4,44,0.45402249693870544,0.34090909361839294
ref_msca_mamba,2025,NORM,5,61,0.5527147650718689,0.4754098355770111
ref_msca_mamba,2025,NORM,6,72,0.6514400839805603,0.4583333432674408
ref_msca_mamba,2025,NORM,7,94,0.7526031136512756,0.6276595592498779
ref_msca_mamba,2025,NORM,8,185,0.8617923259735107,0.708108127117157
ref_msca_mamba,2025,NORM,9,714,0.9612926840782166,0.8851540684700012
ref_msca_mamba,2025,MI,0,1151,0.024179227650165558,0.04430929571390152
ref_msca_mamba,2025,MI,1,186,0.14736561477184296,0.1505376398563385
ref_msca_mamba,2025,MI,2,133,0.24801179766654968,0.21804511547088623
ref_msca_mamba,2025,MI,3,88,0.34639427065849304,0.39772728085517883
ref_msca_mamba,2025,MI,4,90,0.45010998845100403,0.46666666865348816
ref_msca_mamba,2025,MI,5,74,0.5518587231636047,0.5270270109176636
ref_msca_mamba,2025,MI,6,80,0.6453912854194641,0.4749999940395355
ref_msca_mamba,2025,MI,7,85,0.7489816546440125,0.6705882549285889
ref_msca_mamba,2025,MI,8,122,0.8497107625007629,0.7540983557701111
ref_msca_mamba,2025,MI,9,149,0.9473021626472473,0.9328858852386475
ref_msca_mamba,2025,STTC,0,1294,0.021083371713757515,0.03245749697089195
ref_msca_mamba,2025,STTC,1,166,0.13969378173351288,0.1807228922843933
ref_msca_mamba,2025,STTC,2,100,0.2512829899787903,0.2800000011920929
ref_msca_mamba,2025,STTC,3,79,0.35119977593421936,0.4556961953639984
ref_msca_mamba,2025,STTC,4,85,0.45552048087120056,0.47058823704719543
ref_msca_mamba,2025,STTC,5,63,0.555589497089386,0.6666666865348816
ref_msca_mamba,2025,STTC,6,64,0.6505610346794128,0.640625
ref_msca_mamba,2025,STTC,7,91,0.7576809525489807,0.8021978139877319
ref_msca_mamba,2025,STTC,8,129,0.8573581576347351,0.8372092843055725
ref_msca_mamba,2025,STTC,9,87,0.9374749064445496,0.931034505367279
ref_msca_mamba,2025,CD,0,1443,0.03180187940597534,0.05890505760908127
ref_msca_mamba,2025,CD,1,221,0.1426330953836441,0.2398190051317215
ref_msca_mamba,2025,CD,2,105,0.24509721994400024,0.37142857909202576
ref_msca_mamba,2025,CD,3,42,0.35079026222229004,0.6190476417541504
ref_msca_mamba,2025,CD,4,36,0.4395907521247864,0.5
ref_msca_mamba,2025,CD,5,37,0.5426353812217712,0.5405405163764954
ref_msca_mamba,2025,CD,6,27,0.6459053754806519,0.7037037014961243
ref_msca_mamba,2025,CD,7,37,0.7445446848869324,0.8108108043670654
ref_msca_mamba,2025,CD,8,63,0.8551074862480164,0.9523809552192688
ref_msca_mamba,2025,CD,9,147,0.9612229466438293,0.9931972622871399
ref_msca_mamba,2025,HYP,0,1557,0.03057970106601715,0.058445729315280914
ref_msca_mamba,2025,HYP,1,312,0.14228568971157074,0.1538461595773697
ref_msca_mamba,2025,HYP,2,132,0.24559925496578217,0.2651515007019043
ref_msca_mamba,2025,HYP,3,65,0.34643712639808655,0.446153849363327
ref_msca_mamba,2025,HYP,4,53,0.4413594901561737,0.6037735939025879
ref_msca_mamba,2025,HYP,5,22,0.5467512607574463,0.6363636255264282
ref_msca_mamba,2025,HYP,6,13,0.6475333571434021,0.692307710647583
ref_msca_mamba,2025,HYP,7,4,0.7213345170021057,1.0
