tag,cls,threshold,net_benefit,treat_all
voltkd,NORM,0.02,0.44019594862968353,0.43494544284684317
voltkd,NORM,0.04,0.43531433426011734,0.4231734722852707
voltkd,NORM,0.06,0.4306390866247313,0.4109005668061845
voltkd,NORM,0.08,0.4255187975984205,0.39809405674105103
voltkd,NORM,0.1,0.42109978375038615,0.3847183684508006
voltkd,NORM,0.12,0.41609234139354623,0.37073469432917505
voltkd,NORM,0.14,0.4118973209474751,0.35610061676003213
voltkd,NORM,0.16,0.4072112626329494,0.3407696783542633
voltkd,NORM,0.18,0.4020004972987635,0.3246908892945546
voltkd,NORM,0.2,0.39726598702502314,0.30780816078186035
voltkd,NORM,0.22,0.39228630498324657,0.2900596513197972
voltkd,NORM,0.24,0.3874640261450661,0.2713770097807834
voltkd,NORM,0.26,0.38264659469478746,0.2516844957261472
voltkd,NORM,0.28,0.37761301616723303,0.2308979531129201
voltkd,NORM,0.3,0.3728319872898186,0.20892360806465146
voltkd,NORM,0.32,0.3678351414708608,0.1856566544841317
voltkd,NORM,0.34,0.36280225798298077,0.1609795825047926
voltkd,NORM,0.36,0.3567481464318814,0.1347601935267449
voltkd,NORM,0.38,0.3512750754880565,0.10684923106624233
voltkd,NORM,0.4,0.34522706209453197,0.07707753777503962
voltkd,NORM,0.42,0.33893451791249884,0.04525262425685761
voltkd,NORM,0.44,0.33288759433337745,0.01115450263023382
voltkd,NORM,0.46,0.3267188411766725,-0.025469405783547283
voltkd,NORM,0.48,0.31986169530191777,-0.0649105379214654
voltkd,NORM,0.5,0.31371640407784984,-0.10750696063041687
voltkd,NORM,0.52,0.3075996292863763,-0.153653085231781
voltkd,NORM,0.54,0.3016843292904058,-0.20381191632022044
voltkd,NORM,0.56,0.2941359844974302,-0.2585306411439724
voltkd,NORM,0.58,0.28595701487267755,-0.31846067309379567
voltkd,NORM,0.6,0.27627432808155705,-0.3843837082386017
voltkd,NORM,0.62,0.268333252036486,-0.4572460102407556
voltkd,NORM,0.64,0.2601482854494902,-0.5382041235764822
voltkd,NORM,0.66,0.25094586490759413,-0.6286867208340592
voltkd,NORM,0.68,0.23911028730305833,-0.7304796427488329
voltkd,NORM,0.7,0.22700030892801978,-0.8458449542522428
voltkd,NORM,0.72,0.21424599496888655,-0.9776910245418546
voltkd,NORM,0.74,0.20344335923575962,-1.1298211056452532
voltkd,NORM,0.76,0.1930336731541551,-1.3073062002658844
voltkd,NORM,0.78,0.17606369534080374,-1.5170613120902672
voltkd,NORM,0.8,0.15940685820203887,-1.7687674462795262
voltkd,MI,0.02,0.24261882695617634,0.23965879301635587
voltkd,MI,0.04,0.23340284213778192,0.22381835182507834
voltkd,MI,0.06,0.22538008005836768,0.20730384930651238
voltkd,MI,0.08,0.22057863561268487,0.19007132493931314
voltkd,MI,0.1,0.2149212233549583,0.17207291060023838
voltkd,MI,0.12,0.2100598196983739,0.1532563865184784
voltkd,MI,0.14,0.2054421622087635,0.1335646752701249
voltkd,MI,0.16,0.20135928328699415,0.11293526348613556
voltkd,MI,0.18,0.19569836569542712,0.09129953893219556
voltkd,MI,0.2,0.1922150139017609,0.06858202815055847
voltkd,MI,0.22,0.18812290582448135,0.04469951681601694
voltkd,MI,0.24,0.1839520023413492,0.01956003120071012
voltkd,MI,0.26,0.18044235152668892,-0.006938345528937684
voltkd,MI,0.28,0.177051796931315,-0.034908854299121495
voltkd,MI,0.3,0.17334833840857938,-0.06447767785617287
voltkd,MI,0.32,0.16943793272638064,-0.0957858439754038
voltkd,MI,0.34,0.1653832111663437,-0.12899147470792138
voltkd,MI,0.36,0.16214087117701576,-0.1642724573612213
voltkd,MI,0.38,0.1570360847857933,-0.2018296324437665
voltkd,MI,0.4,0.15332097621254248,-0.24189061919848126
voltkd,MI,0.42,0.1490684222300342,-0.2847144326259349
voltkd,MI,0.44,0.14491592744604792,-0.33059708986963543
voltkd,MI,0.46,0.1411560773006556,-0.379878462464721
voltkd,MI,0.48,0.1384116347044985,-0.4329507098748133
voltkd,MI,0.5,0.1341056533827618,-0.490268737077713
voltkd,MI,0.52,0.12952579548965087,-0.5523632665475211
voltkd,MI,0.54,0.12566385945118266,-0.6198573203190514
voltkd,MI,0.56,0.12192265565759541,-0.693487197160721
voltkd,MI,0.58,0.11756035129529105,-0.7741294432254062
voltkd,MI,0.6,0.11422613531047265,-0.8628359138965607
voltkd,MI,0.62,0.10965318764938296,-0.9608799077962573
voltkd,MI,0.64,0.10537534754402225,-1.0698176787959206
voltkd,MI,0.66,0.10023987352123424,-1.1915716581484854
voltkd,MI,0.68,0.09829703429101018,-1.3285448849201205
voltkd,MI,0.7,0.09629286376274329,-1.4837812085946398
voltkd,MI,0.72,0.09101019462465247,-1.6611941499369483
voltkd,MI,0.74,0.08695373208811578,-1.8659013899473043
voltkd,MI,0.76,0.08350324374420759,-2.10472650329272
voltkd,MI,0.78,0.08577807734434241,-2.3869743645191197
voltkd,MI,0.8,0.08331788693234474,-2.7256717979907994
voltkd,STTC,0.02,0.22848064156153658,0.22594616607743867
voltkd,STTC,0.04,0.21960920605498918,0.20982004453738531
voltkd,STTC,0.06,0.21347780647960088,0.19300770505945733
voltkd,STTC,0.08,0.20861103275980178,0.1754643942998803
voltkd,STTC,0.1,0.20441767068273092,0.15714138083987766
voltkd,STTC,0.12,0.19937652708737047,0.13798550313169305
voltkd,STTC,0.14,0.19625837877448973,0.11793865436731381
voltkd,STTC,0.16,0.1927754975947747,0.09693719375701176
voltkd,STTC,0.18,0.1894120572345668,0.07491127165352426
voltkd,STTC,0.2,0.18591288229842448,0.051784053444862366
voltkd,STTC,0.22,0.1822461443406763,0.02747082404601267
voltkd,STTC,0.24,0.17927418174723184,0.0018779509945919814
voltkd,STTC,0.26,0.1750970618440498,-0.025098320600148827
voltkd,STTC,0.28,0.1730357326742869,-0.05357327395015299
voltkd,STTC,0.3,0.16999867602277244,-0.08367536749158588
voltkd,STTC,0.32,0.16690290574060948,-0.11554817241780901
voltkd,STTC,0.34,0.163094335383492,-0.14935266249107604
voltkd,STTC,0.36,0.1594358202038925,-0.18526993319392204
voltkd,STTC,0.38,0.15596878830458308,-0.22350444716791956
voltkd,STTC,0.4,0.15177633611368552,-0.2642879287401836
voltkd,STTC,0.42,0.1475887635422326,-0.30788406421398284
voltkd,STTC,0.44,0.14453197405004636,-0.35459420936448227
voltkd,STTC,0.46,0.14089177221707344,-0.40476436526687054
voltkd,STTC,0.48,0.13801953375632708,-0.4587937639309809
voltkd,STTC,0.5,0.13466172381835034,-0.5171455144882202
voltkd,STTC,0.52,0.13090824837812792,-0.5803599109252294
voltkd,STTC,0.54,0.12739654269250916,-0.6490712114002395
voltkd,STTC,0.56,0.12395315527845648,-0.7240289937366141
voltkd,STTC,0.58,0.1195551436515292,-0.8061256124859761
voltkd,STTC,0.6,0.11556997219647822,-0.896431893110275
voltkd,STTC,0.62,0.11086776254816837,-0.996244098010816
voltkd,STTC,0.64,0.10544743074863558,-1.107146547900306
voltkd,STTC,0.66,0.10089952570462848,-1.231096344835618
voltkd,STTC,0.68,0.09563253012048191,-1.3705398663878445
voltkd,STTC,0.7,0.09091751621872106,-1.5285758574803665
voltkd,STTC,0.72,0.08817688335760625,-1.7091884187289645
voltkd,STTC,0.74,0.0829471733086191,-1.9175875278619618
voltkd,STTC,0.76,0.07542477602718567,-2.160719821850459
voltkd,STTC,0.78,0.06970258657005643,-2.448057987473228
voltkd,STTC,0.8,0.06200185356811862,-2.7928637862205514
voltkd,CD,0.02,0.2107261069395321,0.21412493775085528
voltkd,CD,0.04,0.20137086808773558,0.19775254031022388
voltkd,CD,0.06,0.19435253288111526,0.1806834451061614
voltkd,CD,0.08,0.1885683201031551,0.16287221532800922
voltkd,CD,0.1,0.1837709813613428,0.14426937533749473
voltkd,CD,0.12,0.17880192097059566,0.12482095171104778
voltkd,CD,0.14,0.17540789275168653,0.10446795024151023
voltkd,CD,0.16,0.1719405092899069,0.08314575822580428
voltkd,CD,0.18,0.1699021225615407,0.06078345928250292
voltkd,CD,0.2,0.16772474513438368,0.03730304539203644
voltkd,CD,0.22,0.1653691689836268,0.012618507712315291
voltkd,CD,0.24,0.16224086629920492,-0.013365216161075388
voltkd,CD,0.26,0.1600430829346492,-0.040753465649243925
voltkd,CD,0.28,0.15778498609823913,-0.06966328455342191
voltkd,CD,0.3,0.15579240037071362,-0.10022509310926714
voltkd,CD,0.32,0.15319195333369678,-0.13258465510957385
voltkd,CD,0.34,0.15001825483753195,-0.16690540268565673
voltkd,CD,0.36,0.14787418906394809,-0.20337119698524475
voltkd,CD,0.38,0.14551705581631735,-0.24218962317512882
voltkd,CD,0.4,0.14324992276799506,-0.28359594444433855
voltkd,CD,0.42,0.1408392189447445,-0.3278578740769419
voltkd,CD,0.44,0.13868661459022905,-0.3752813701118741
voltkd,CD,0.46,0.1362063639172073,-0.42621771770494954
voltkd,CD,0.48,0.1333642261353105,-0.4810722458821076
voltkd,CD,0.5,0.13160333642261354,-0.5403151363134384
voltkd,CD,0.52,0.1293945010812481,-0.6044949342807134
voltkd,CD,0.54,0.12777934480396502,-0.6742555842451428
voltkd,CD,0.56,0.12514112393630467,-0.7503581114790658
voltkd,CD,0.58,0.12203098106712566,-0.8337084984495524
voltkd,CD,0.6,0.11932344763670064,-0.9253939241170883
voltkd,CD,0.62,0.11696502609628798,-1.0267304472233119
voltkd,CD,0.64,0.11369580887653177,-1.139326584008005
voltkd,CD,0.66,0.11179196423703866,-1.2651693251203089
voltkd,CD,0.68,0.10837581093605189,-1.406742408871651
voltkd,CD,0.7,0.10639481000926787,-1.5671919037898379
voltkd,CD,0.72,0.10287303058387395,-1.7505627551249094
voltkd,CD,0.74,0.10073429813930276,-1.9621445066653767
voltkd,CD,0.76,0.09834723509422304,-2.2089898834625883
voltkd,CD,0.78,0.09498694077007327,-2.500716237859293
voltkd,CD,0.8,0.09416126042632066,-2.8507878631353387
voltkd,HYP,0.02,0.10668797639537742,0.10347827371894097
voltkd,HYP,0.04,0.0963314797652147,0.0848007375995318
voltkd,HYP,0.06,0.08954705893952242,0.06532841270908396
voltkd,HYP,0.08,0.08288270137405812,0.0450094649973123
voltkd,HYP,0.1,0.07818968180413963,0.023787452942795217
voltkd,HYP,0.12,0.07455135226219564,0.0016008039767091975
voltkd,HYP,0.14,0.07061232407267712,-0.021617782150590154
voltkd,HYP,0.16,0.06787589920120041,-0.04594201523633232
voltkd,HYP,0.18,0.06512127308483466,-0.0714527962774765
voltkd,HYP,0.2,0.06255792400370713,-0.09823911637067795
voltkd,HYP,0.22,0.060008079655901714,-0.12639909390455636
voltkd,HYP,0.24,0.058153260816545524,-0.15604117551916524
voltkd,HYP,0.26,0.05568469303409061,-0.1872855318156449
voltkd,HYP,0.28,0.05307898259705488,-0.22026568568415117
voltkd,HYP,0.3,0.05095988349000398,-0.25513041977371487
voltkd,HYP,0.32,0.04855258136618874,-0.2920460205744295
voltkd,HYP,0.34,0.047996180526301,-0.3311989305145814
voltkd,HYP,0.36,0.04648401297497683,-0.37279889732599253
voltkd,HYP,0.38,0.0452449998505187,-0.4170827329639466
voltkd,HYP,0.4,0.043682421995675,-0.4643188243110975
voltkd,HYP,0.42,0.041698891054935926,-0.5148125771304656
voltkd,HYP,0.44,0.040672580431616576,-0.5689130265797887
voltkd,HYP,0.46,0.038162908042426114,-0.6270209167290617
voltkd,HYP,0.48,0.03762030370000713,-0.6895986445821248
voltkd,HYP,0.5,0.03660797034291011,-0.7571825906634331
voltkd,HYP,0.52,0.03558078467717023,-0.830398532251517
voltkd,HYP,0.54,0.033553612443083365,-0.9099810774559562
voltkd,HYP,0.56,0.03183924509225714,-0.9967983994971625
voltkd,HYP,0.58,0.03012930844256146,-1.091884037923245
voltkd,HYP,0.6,0.028544949026876737,-1.1964782401919363
voltkd,HYP,0.62,0.027320618506414325,-1.312082358488911
voltkd,HYP,0.64,0.025630728040366597,-1.440531378818883
voltkd,HYP,0.66,0.024668810990568613,-1.5840920485994399
voltkd,HYP,0.68,0.021895273401297495,-1.7455978021025662
voltkd,HYP,0.7,0.020636391720729074,-1.928637656072775
voltkd,HYP,0.72,0.01950218456242553,-2.137826060610158
voltkd,HYP,0.74,0.017223925286946603,-2.37919729661483
voltkd,HYP,0.76,0.01450417052826691,-2.6607970719536147
voltkd,HYP,0.78,0.013135057713370965,-2.9935968064449057
voltkd,HYP,0.8,0.010658016682113062,-3.3929564878344545
ref_msca_mamba,NORM,0.02,0.43911785288721605,0.43494544284684317
ref_msca_mamba,NORM,0.04,0.4326112140871177,0.4231734722852707
ref_msca_mamba,NORM,0.06,0.4278350718750616,0.4109005668061845
ref_msca_mamba,NORM,0.08,0.4220574606116775,0.39809405674105103
ref_msca_mamba,NORM,0.1,0.4167644938729276,0.3847183684508006
ref_msca_mamba,NORM,0.12,0.4112182997725166,0.37073469432917505
ref_msca_mamba,NORM,0.14,0.4058365842619135,0.35610061676003213
ref_msca_mamba,NORM,0.16,0.40067964164349706,0.3407696783542633
ref_msca_mamba,NORM,0.18,0.3954406745179592,0.3246908892945546
ref_msca_mamba,NORM,0.2,0.3900834105653383,0.30780816078186035
ref_msca_mamba,NORM,0.22,0.3846914284356361,0.2900596513197972
ref_msca_mamba,NORM,0.24,0.37903029120530707,0.2713770097807834
ref_msca_mamba,NORM,0.26,0.37431555744808753,0.2516844957261472
ref_msca_mamba,NORM,0.28,0.3682576459684893,0.2308979531129201
ref_msca_mamba,NORM,0.3,0.36287567853832914,0.20892360806465146
ref_msca_mamba,NORM,0.32,0.3573461265877992,0.1856566544841317
ref_msca_mamba,NORM,0.34,0.3508074255062207,0.1609795825047926
ref_msca_mamba,NORM,0.36,0.34447984244670987,0.1347601935267449
ref_msca_mamba,NORM,0.38,0.33836886005560707,0.10684923106624233
ref_msca_mamba,NORM,0.4,0.33185047883843066,0.07707753777503962
ref_msca_mamba,NORM,0.42,0.32473874276948644,0.04525262425685761
ref_msca_mamba,NORM,0.44,0.3181649675625579,0.01115450263023382
ref_msca_mamba,NORM,0.46,0.31135825352692825,-0.025469405783547283
ref_msca_mamba,NORM,0.48,0.3052256362729023,-0.0649105379214654
ref_msca_mamba,NORM,0.5,0.2979610750695088,-0.10750696063041687
ref_msca_mamba,NORM,0.52,0.29151992585727526,-0.153653085231781
ref_msca_mamba,NORM,0.54,0.2847000040294959,-0.20381191632022044
ref_msca_mamba,NORM,0.56,0.27661134046676217,-0.2585306411439724
ref_msca_mamba,NORM,0.58,0.26841872986451304,-0.31846067309379567
ref_msca_mamba,NORM,0.6,0.26014828544949026,-0.3843837082386017
ref_msca_mamba,NORM,0.62,0.25101702355982636,-0.4572460102407556
ref_msca_mamba,NORM,0.64,0.2420862938935228,-0.5382041235764822
ref_msca_mamba,NORM,0.66,0.22882298424467096,-0.6286867208340592
ref_msca_mamba,NORM,0.68,0.21699490268767377,-0.7304796427488329
ref_msca_mamba,NORM,0.7,0.20701266604881066,-0.8458449542522428
ref_msca_mamba,NORM,0.72,0.19302264001059186,-0.9776910245418546
ref_msca_mamba,NORM,0.74,0.1807656662151565,-1.1298211056452532
ref_msca_mamba,NORM,0.76,0.16856657398826075,-1.3073062002658844
ref_msca_mamba,NORM,0.78,0.1543937989721122,-1.5170613120902672
ref_msca_mamba,NORM,0.8,0.13595922150139012,-1.7687674462795262
ref_msca_mamba,MI,0.02,0.24082956630288815,0.23965879301635587
ref_msca_mamba,MI,0.04,0.23048733395118934,0.22381835182507834
ref_msca_mamba,MI,0.06,0.22266874371462939,0.20730384930651238
ref_msca_mamba,MI,0.08,0.2156263851392191,0.19007132493931314
ref_msca_mamba,MI,0.1,0.2086087941509628,0.17207291060023838
ref_msca_mamba,MI,0.12,0.2026244839497852,0.1532563865184784
ref_msca_mamba,MI,0.14,0.19547384529172146,0.1335646752701249
ref_msca_mamba,MI,0.16,0.18934639657531221,0.11293526348613556
ref_msca_mamba,MI,0.18,0.18386491557223264,0.09129953893219556
ref_msca_mamba,MI,0.2,0.17847544022242817,0.06858202815055847
ref_msca_mamba,MI,0.22,0.1729569164230888,0.04469951681601694
ref_msca_mamba,MI,0.24,0.16871859909272718,0.01956003120071012
ref_msca_mamba,MI,0.26,0.16411091350850385,-0.006938345528937684
ref_msca_mamba,MI,0.28,0.1601122438471836,-0.034908854299121495
ref_msca_mamba,MI,0.3,0.15599099695485238,-0.06447767785617287
ref_msca_mamba,MI,0.32,0.15007904922858856,-0.0957858439754038
ref_msca_mamba,MI,0.34,0.14563709382986492,-0.12899147470792138
ref_msca_mamba,MI,0.36,0.14143303985171454,-0.1642724573612213
ref_msca_mamba,MI,0.38,0.13679332715477294,-0.2018296324437665
ref_msca_mamba,MI,0.4,0.13296261970960765,-0.24189061919848126
ref_msca_mamba,MI,0.42,0.1282541305806782,-0.2847144326259349
ref_msca_mamba,MI,0.44,0.12210379981464321,-0.33059708986963543
ref_msca_mamba,MI,0.46,0.11742354031510657,-0.379878462464721
ref_msca_mamba,MI,0.48,0.11340985242746134,-0.4329507098748133
ref_msca_mamba,MI,0.5,0.10954587581093604,-0.490268737077713
ref_msca_mamba,MI,0.52,0.10350633302440533,-0.5523632665475211
ref_msca_mamba,MI,0.54,0.09711891042430591,-0.6198573203190514
ref_msca_mamba,MI,0.56,0.09263627938326732,-0.693487197160721
ref_msca_mamba,MI,0.58,0.08840195948629685,-0.7741294432254062
ref_msca_mamba,MI,0.6,0.08271547729379057,-0.8628359138965607
ref_msca_mamba,MI,0.62,0.07702063313984683,-0.9608799077962573
ref_msca_mamba,MI,0.64,0.07218618061991555,-1.0698176787959206
ref_msca_mamba,MI,0.66,0.06834214686801503,-1.1915716581484854
ref_msca_mamba,MI,0.68,0.06163113994439294,-1.3285448849201205
ref_msca_mamba,MI,0.7,0.05718257645968491,-1.4837812085946398
ref_msca_mamba,MI,0.72,0.05076128690586523,-1.6611941499369483
ref_msca_mamba,MI,0.74,0.04502031795822342,-1.8659013899473043
ref_msca_mamba,MI,0.76,0.038384306456595615,-2.10472650329272
ref_msca_mamba,MI,0.78,0.03210885500042125,-2.3869743645191197
ref_msca_mamba,MI,0.8,0.027803521779425376,-2.7256717979907994
ref_msca_mamba,STTC,0.02,0.23013750449206563,0.22594616607743867
ref_msca_mamba,STTC,0.04,0.22138940376892183,0.20982004453738531
ref_msca_mamba,STTC,0.06,0.2144302249916195,0.19300770505945733
ref_msca_mamba,STTC,0.08,0.2087037111657332,0.1754643942998803
ref_msca_mamba,STTC,0.1,0.20305838739573684,0.15714138083987766
ref_msca_mamba,STTC,0.12,0.19780520684135142,0.13798550313169305
ref_msca_mamba,STTC,0.14,0.19210940362523438,0.11793865436731381
ref_msca_mamba,STTC,0.16,0.1879606337437663,0.09693719375701176
ref_msca_mamba,STTC,0.18,0.18441194421212054,0.07491127165352426
ref_msca_mamba,STTC,0.2,0.18088507877664506,0.051784053444862366
ref_msca_mamba,STTC,0.22,0.17692782966184264,0.02747082404601267
ref_msca_mamba,STTC,0.24,0.17260621433100823,0.0018779509945919814
ref_msca_mamba,STTC,0.26,0.1683265285674924,-0.025098320600148827
ref_msca_mamba,STTC,0.28,0.16548759139120586,-0.05357327395015299
ref_msca_mamba,STTC,0.3,0.16168409903349662,-0.08367536749158588
ref_msca_mamba,STTC,0.32,0.15705718802813062,-0.11554817241780901
ref_msca_mamba,STTC,0.34,0.15242227651866205,-0.14935266249107604
ref_msca_mamba,STTC,0.36,0.14726019462465245,-0.18526993319392204
ref_msca_mamba,STTC,0.38,0.14267990074441686,-0.22350444716791956
ref_msca_mamba,STTC,0.4,0.13852332406549273,-0.2642879287401836
ref_msca_mamba,STTC,0.42,0.13434853472244415,-0.30788406421398284
ref_msca_mamba,STTC,0.44,0.13055077452667813,-0.35459420936448227
ref_msca_mamba,STTC,0.46,0.1265849723681049,-0.40476436526687054
ref_msca_mamba,STTC,0.48,0.12141584087830612,-0.4587937639309809
ref_msca_mamba,STTC,0.5,0.11658943466172382,-0.5171455144882202
ref_msca_mamba,STTC,0.52,0.11285140562248994,-0.5803599109252294
ref_msca_mamba,STTC,0.54,0.10742233146633355,-0.6490712114002395
ref_msca_mamba,STTC,0.56,0.10305838739573678,-0.7240289937366141
ref_msca_mamba,STTC,0.58,0.09805816673286553,-0.8061256124859761
ref_msca_mamba,STTC,0.6,0.0932808155699722,-0.896431893110275
ref_msca_mamba,STTC,0.62,0.08818594214916345,-0.996244098010816
ref_msca_mamba,STTC,0.64,0.08455359901143034,-1.107146547900306
ref_msca_mamba,STTC,0.66,0.07964346072071089,-1.231096344835618
ref_msca_mamba,STTC,0.68,0.07342446709916588,-1.3705398663878445
ref_msca_mamba,STTC,0.7,0.06867469879518073,-1.5285758574803665
ref_msca_mamba,STTC,0.72,0.06152522176618562,-1.7091884187289645
ref_msca_mamba,STTC,0.74,0.052719754758679696,-1.9175875278619618
ref_msca_mamba,STTC,0.76,0.04749768303985172,-2.160719821850459
ref_msca_mamba,STTC,0.78,0.041393546212823304,-2.448057987473228
ref_msca_mamba,STTC,0.8,0.035681186283595914,-2.7928637862205514
ref_msca_mamba,CD,0.02,0.21297308543435908,0.21412493775085528
ref_msca_mamba,CD,0.04,0.1997528575841829,0.19775254031022388
ref_msca_mamba,CD,0.06,0.19094117879044822,0.1806834451061614
ref_msca_mamba,CD,0.08,0.1838296329129226,0.16287221532800922
ref_msca_mamba,CD,0.1,0.17693337452373598,0.14426937533749473
ref_msca_mamba,CD,0.12,0.1706083073552953,0.12482095171104778
ref_msca_mamba,CD,0.14,0.16624350712330538,0.10446795024151023
ref_msca_mamba,CD,0.16,0.1611898142018624,0.08314575822580428
ref_msca_mamba,CD,0.18,0.1571667533172088,0.06078345928250292
ref_msca_mamba,CD,0.2,0.1530583873957368,0.03730304539203644
ref_msca_mamba,CD,0.22,0.14949739787552577,0.012618507712315291
ref_msca_mamba,CD,0.24,0.14582215501682844,-0.013365216161075388
ref_msca_mamba,CD,0.26,0.14262455226310647,-0.040753465649243925
ref_msca_mamba,CD,0.28,0.1396663577386469,-0.06966328455342191
ref_msca_mamba,CD,0.3,0.13640937375877135,-0.10022509310926714
ref_msca_mamba,CD,0.32,0.13347871122499044,-0.13258465510957385
ref_msca_mamba,CD,0.34,0.13049119555143648,-0.16690540268565673
ref_msca_mamba,CD,0.36,0.12773401297497683,-0.20337119698524475
ref_msca_mamba,CD,0.38,0.12445215103590539,-0.24218962317512882
ref_msca_mamba,CD,0.4,0.12239728143342601,-0.28359594444433855
ref_msca_mamba,CD,0.42,0.12022306733565565,-0.3278578740769419
ref_msca_mamba,CD,0.44,0.1182179266516616,-0.3752813701118741
ref_msca_mamba,CD,0.46,0.11539148045172143,-0.42621771770494954
ref_msca_mamba,CD,0.48,0.11359520923932416,-0.4810722458821076
ref_msca_mamba,CD,0.5,0.1103799814643188,-0.5403151363134384
ref_msca_mamba,CD,0.52,0.10742971887550201,-0.6044949342807134
ref_msca_mamba,CD,0.54,0.10523431518717008,-0.6742555842451428
ref_msca_mamba,CD,0.56,0.10433903445951638,-0.7503581114790658
ref_msca_mamba,CD,0.58,0.10143430866322434,-0.8337084984495524
ref_msca_mamba,CD,0.6,0.09819277108433735,-0.9253939241170883
ref_msca_mamba,CD,0.62,0.09561972586703088,-1.0267304472233119
ref_msca_mamba,CD,0.64,0.09186489547935331,-1.139326584008005
ref_msca_mamba,CD,0.66,0.08978356866379544,-1.2651693251203089
ref_msca_mamba,CD,0.68,0.08777803521779425,-1.406742408871651
ref_msca_mamba,CD,0.7,0.08616002471424158,-1.5671919037898379
ref_msca_mamba,CD,0.72,0.08298689262544685,-1.7505627551249094
ref_msca_mamba,CD,0.74,0.07926855350395666,-1.9621445066653767
ref_msca_mamba,CD,0.76,0.07613531047265988,-2.2089898834625883
ref_msca_mamba,CD,0.78,0.07431123093773698,-2.500716237859293
ref_msca_mamba,CD,0.8,0.07228915662650601,-2.8507878631353387
ref_msca_mamba,HYP,0.02,0.10367498250458665,0.10347827371894097
ref_msca_mamba,HYP,0.04,0.08826073524868705,0.0848007375995318
ref_msca_mamba,HYP,0.06,0.07579318912310454,0.06532841270908396
ref_msca_mamba,HYP,0.08,0.06652697747511786,0.0450094649973123
ref_msca_mamba,HYP,0.1,0.059200906188858,0.023787452942795217
ref_msca_mamba,HYP,0.12,0.05371556154688685,0.0016008039767091975
ref_msca_mamba,HYP,0.14,0.04758497316636851,-0.021617782150590154
ref_msca_mamba,HYP,0.16,0.04280418376803918,-0.04594201523633232
ref_msca_mamba,HYP,0.18,0.03974547345102737,-0.0714527962774765
ref_msca_mamba,HYP,0.2,0.03672381835032437,-0.09823911637067795
ref_msca_mamba,HYP,0.22,0.032727359140704834,-0.12639909390455636
ref_msca_mamba,HYP,0.24,0.030930198526901133,-0.15604117551916524
ref_msca_mamba,HYP,0.26,0.027372692432933395,-0.1872855318156449
ref_msca_mamba,HYP,0.28,0.025697662444650392,-0.22026568568415117
ref_msca_mamba,HYP,0.3,0.024387660532238845,-0.25513041977371487
ref_msca_mamba,HYP,0.32,0.022995148012865937,-0.2920460205744295
ref_msca_mamba,HYP,0.34,0.021147527171623555,-0.3311989305145814
ref_msca_mamba,HYP,0.36,0.019763670064874887,-0.37279889732599253
ref_msca_mamba,HYP,0.38,0.01762683488295614,-0.4170827329639466
ref_msca_mamba,HYP,0.4,0.016126042632066726,-0.4643188243110975
ref_msca_mamba,HYP,0.42,0.014825349141925797,-0.5148125771304656
ref_msca_mamba,HYP,0.44,0.013378789884813983,-0.5689130265797887
ref_msca_mamba,HYP,0.46,0.011859403425668488,-0.6270209167290617
ref_msca_mamba,HYP,0.48,0.010985955656947318,-0.6895986445821248
ref_msca_mamba,HYP,0.5,0.01047265987025023,-0.7571825906634331
ref_msca_mamba,HYP,0.52,0.00933734939759036,-0.830398532251517
ref_msca_mamba,HYP,0.54,0.009481403876375062,-0.9099810774559562
ref_msca_mamba,HYP,0.56,0.00745639902266408,-0.9967983994971625
ref_msca_mamba,HYP,0.58,0.00760404254380158,-1.091884037923245
ref_msca_mamba,HYP,0.6,0.00639481000926784,-1.1964782401919363
ref_msca_mamba,HYP,0.62,0.005111945758743476,-1.312082358488911
ref_msca_mamba,HYP,0.64,0.003933683451755741,-1.440531378818883
ref_msca_mamba,HYP,0.66,0.003908848061930981,-1.5840920485994399
ref_msca_mamba,HYP,0.68,0.003081556997219647,-1.7455978021025662
ref_msca_mamba,HYP,0.7,0.0021624961383997533,-1.928637656072775
ref_msca_mamba,HYP,0.72,0.0016020124453859394,-2.137826060610158
ref_msca_mamba,HYP,0.74,0.0005988450844799315,-2.37919729661483
ref_msca_mamba,HYP,0.76,0.00026258881680568425,-2.6607970719536147
ref_msca_mamba,HYP,0.78,0.0002780352177942539,-2.9935968064449057
ref_msca_mamba,HYP,0.8,9.267840593141798e-05,-3.3929564878344545
