macro_auc,micro_auc,macro_ap,macro_f1,micro_f1,weighted_f1,subset_acc,auc_NORM,ap_NORM,f1_NORM,prec_NORM,rec_NORM,spec_NORM,tp_NORM,fp_NORM,fn_NORM,tn_NORM,auc_MI,ap_MI,f1_MI,prec_MI,rec_MI,spec_MI,tp_MI,fp_MI,fn_MI,tn_MI,auc_STTC,ap_STTC,f1_STTC,prec_STTC,rec_STTC,spec_STTC,tp_STTC,fp_STTC,fn_STTC,tn_STTC,auc_CD,ap_CD,f1_CD,prec_CD,rec_CD,spec_CD,tp_CD,fp_CD,fn_CD,tn_CD,auc_HYP,ap_HYP,f1_HYP,prec_HYP,rec_HYP,spec_HYP,tp_HYP,fp_HYP,fn_HYP,tn_HYP,tag
0.9153958267270698,0.9307860632779972,0.7886492786421189,0.7283907557106877,0.7681936041486603,0.7707607094367318,0.592678405931418,0.9456006117563228,0.9247821792946086,0.8554216867469879,0.8279883381924198,0.8847352024922118,0.8518828451882845,852.0,177.0,111.0,1018.0,0.9311001809136137,0.8411642433678077,0.7562277580071174,0.740418118466899,0.7727272727272727,0.9073383084577115,425.0,149.0,125.0,1459.0,0.9379476759251334,0.8368535258319542,0.7714808043875686,0.7364746945898778,0.8099808061420346,0.9077580940745266,422.0,151.0,99.0,1486.0,0.9252067078141377,0.8499361909067062,0.7714285714285715,0.78099173553719,0.7620967741935484,0.9362214199759326,378.0,106.0,118.0,1556.0,0.8371239572261411,0.49051025380951835,0.48739495798319327,0.43543543543543545,0.5534351145038168,0.9008438818565401,145.0,188.0,117.0,1708.0,abl_arch_z
0.9331414308858956,0.9424924282646594,0.8346099269141446,0.7635900158865536,0.7944406314344543,0.7929752082443292,0.6181649675625579,0.9529373427703699,0.9354151707471464,0.86558627264061,0.8,0.9428868120456906,0.8100418410041841,908.0,227.0,55.0,968.0,0.9375587969244686,0.8589269038283764,0.7648535564853557,0.7085271317829457,0.8309090909090909,0.8830845771144279,457.0,188.0,93.0,1420.0,0.943961438753771,0.8423236701868874,0.7852283770651117,0.7952755905511811,0.7754318618042226,0.9364691508857667,404.0,104.0,117.0,1533.0,0.92773232793758,0.863868794521154,0.7831449126413155,0.7987421383647799,0.7681451612903226,0.9422382671480144,381.0,96.0,115.0,1566.0,0.9035172480432893,0.6725150952871587,0.6191369606003753,0.6088560885608856,0.6297709923664122,0.9440928270042194,165.0,106.0,97.0,1790.0,abl_insample
0.9325788526255891,0.9428171199318454,0.834136191868677,0.7598891674355647,0.7911531318588553,0.7895720838227277,0.603336422613531,0.9521057365189849,0.9341744144284431,0.8547717842323651,0.7686567164179104,0.9626168224299065,0.7665271966527196,927.0,279.0,36.0,916.0,0.9394504748982361,0.865775288358048,0.7754415475189235,0.7214397496087637,0.8381818181818181,0.8893034825870647,461.0,178.0,89.0,1430.0,0.9437714934275399,0.8462533782682126,0.789179104477612,0.7676950998185118,0.8119001919385797,0.921808185705559,423.0,128.0,98.0,1509.0,0.9302797833935019,0.8652588825437114,0.7782515991471215,0.8257918552036199,0.7358870967741935,0.95367027677497,365.0,77.0,131.0,1585.0,0.8972867748896833,0.6592189957449704,0.6018018018018018,0.5699658703071673,0.6374045801526718,0.9335443037974683,167.0,126.0,95.0,1770.0,abl_nosub
0.9318155865456417,0.93977169973009,0.8328824856486937,0.7539882376453997,0.7838390726218889,0.786925809168238,0.6098239110287303,0.9508014094726642,0.9332460453021758,0.8672302337145699,0.8320610687022901,0.9055036344755971,0.8527196652719665,872.0,176.0,91.0,1019.0,0.9337302125734961,0.8500147649106753,0.7567114093959731,0.7024922118380063,0.82,0.8812189054726368,451.0,191.0,99.0,1417.0,0.9423832510432337,0.8459350138878245,0.7854545454545454,0.7461139896373057,0.8291746641074856,0.9102015882712279,432.0,147.0,89.0,1490.0,0.925571843096153,0.8579962805904139,0.7695652173913043,0.8349056603773585,0.7137096774193549,0.9578820697954272,354.0,70.0,142.0,1592.0,0.9065912165426612,0.6772203235523786,0.5909797822706065,0.49868766404199477,0.7251908396946565,0.8992616033755274,190.0,191.0,72.0,1705.0,abl_plain
0.9315262591645723,0.9398089583284074,0.8320653110897531,0.7591225375609456,0.7909449494083347,0.7899734815932182,0.6227988878591288,0.9505832974882363,0.9330549303912746,0.8674351585014409,0.806970509383378,0.9376947040498442,0.8192468619246862,903.0,216.0,60.0,979.0,0.9325429669832656,0.8490210789913516,0.758563074352548,0.7017001545595054,0.8254545454545454,0.8799751243781094,454.0,193.0,96.0,1415.0,0.9429753645601887,0.8426298667174507,0.7923444976076555,0.7900763358778626,0.7946257197696737,0.9328039095907147,414.0,110.0,107.0,1527.0,0.9261140871860565,0.8603114051233722,0.7666666666666667,0.7931034482758621,0.7419354838709677,0.9422382671480144,368.0,96.0,128.0,1566.0,0.9054155796051148,0.6753092742253167,0.6106032906764168,0.5859649122807018,0.6374045801526718,0.9377637130801688,167.0,118.0,95.0,1778.0,abl_sub
0.9213739890061182,0.936716270758234,0.8014871835531094,0.7372994874137426,0.7778521244563399,0.7776822372275559,0.58758109360519,0.9486524415942161,0.9288635716334551,0.8603561387066542,0.7839453458582408,0.9532710280373832,0.7882845188284519,918.0,253.0,45.0,942.0,0.9380608322026234,0.8596273228037705,0.7673611111111112,0.7342192691029901,0.8036363636363636,0.900497512437811,442.0,160.0,108.0,1448.0,0.9393335733054121,0.8365793522365258,0.7750677506775068,0.7320819112627986,0.8234165067178503,0.9040928527794746,429.0,157.0,92.0,1480.0,0.9327520282597724,0.8635616976564311,0.7716849451645065,0.7633136094674556,0.780241935483871,0.927797833935018,387.0,120.0,109.0,1542.0,0.8480710696685672,0.5188039734353646,0.5120274914089347,0.465625,0.5687022900763359,0.9098101265822784,149.0,171.0,113.0,1725.0,abl_zscore
0.9031179991052621,0.9255560666670967,0.7713472771863454,0.7044170516614102,0.751596754703953,0.7516923729681707,0.5820203892493049,0.9415850919155185,0.9202698714143355,0.8500244259892525,0.8025830258302583,0.9034267912772586,0.8209205020920503,870.0,214.0,93.0,981.0,0.9179228855721393,0.8123676839578482,0.7336244541484717,0.7058823529411765,0.7636363636363637,0.8911691542288557,420.0,175.0,130.0,1433.0,0.9345333500610287,0.8235147030723116,0.7677475898334793,0.7064516129032258,0.8406909788867563,0.8888210140500916,438.0,182.0,83.0,1455.0,0.913837778036567,0.8356721900787228,0.7262443438914027,0.8273195876288659,0.6471774193548387,0.9596871239470517,321.0,67.0,175.0,1595.0,0.8077108899410571,0.46491193740850917,0.4444444444444444,0.40764331210191085,0.48854961832061067,0.9018987341772152,128.0,186.0,134.0,1710.0,ref_msca_mamba
0.9234593711893794,0.9358654581267094,0.818352537490523,0.7438167913557476,0.7753213367609254,0.77528998236952,0.6098239110287303,0.9467320133647901,0.9302202124895482,0.8632309217046581,0.8255924170616113,0.9044652128764278,0.8460251046025105,871.0,184.0,92.0,1011.0,0.9242017186793305,0.8263566394675155,0.741733690795353,0.7293497363796133,0.7545454545454545,0.904228855721393,415.0,154.0,135.0,1454.0,0.9365922635972128,0.8288796876810043,0.7664041994750657,0.7041800643086816,0.8406909788867563,0.887599266951741,438.0,184.0,83.0,1453.0,0.9142817631303133,0.8377144010286208,0.7391742195367573,0.738430583501006,0.7399193548387096,0.9217809867629362,367.0,130.0,129.0,1532.0,0.8954890971752505,0.6685917467859256,0.608540925266904,0.57,0.6526717557251909,0.9319620253164557,171.0,129.0,91.0,1767.0,ref_msca_mamba_mv
0.9325676833150446,0.9427851456058857,0.8337686516002641,0.7540927032618396,0.7850655903128153,0.7866463477721796,0.6005560704355886,0.9530537850250046,0.9350524658093436,0.8574065528380249,0.771594684385382,0.9646936656282451,0.7698744769874477,929.0,275.0,34.0,920.0,0.9397636815920398,0.8670743292796652,0.7754056362083689,0.7310789049919485,0.8254545454545454,0.8961442786069652,454.0,167.0,96.0,1441.0,0.9436284481818598,0.8416573929556884,0.781940441882805,0.7826923076923077,0.781190019193858,0.9309712889431888,407.0,113.0,114.0,1524.0,0.9284977776483831,0.8657280720450062,0.7759562841530054,0.847255369928401,0.7157258064516129,0.9614921780986763,355.0,64.0,141.0,1598.0,0.8978947241279351,0.6593309979116175,0.5797546012269938,0.4846153846153846,0.7213740458015268,0.8939873417721519,189.0,201.0,73.0,1695.0,voltkd
