tag,seed,gain,macro_auc,auc_NORM,mean_p_NORM,flag_rate_NORM,auc_MI,mean_p_MI,flag_rate_MI,auc_STTC,mean_p_STTC,flag_rate_STTC,auc_CD,mean_p_CD,flag_rate_CD,auc_HYP,mean_p_HYP,flag_rate_HYP
voltkd,42,0.4,0.8674415391358943,0.9061423289319898,0.33832848072052,0.3637627432808156,0.9000893260967888,0.3558496832847595,0.4036144578313253,0.8953131577003482,0.24577109515666962,0.28405931417979613,0.8802356274989325,0.2849903106689453,0.2789620018535681,0.7554272554514124,0.022093946114182472,0.012048192771084338
voltkd,42,0.5,0.896053684304478,0.9227058051677768,0.42724382877349854,0.4652455977757183,0.917087290818634,0.3126591742038727,0.3526413345690454,0.9236959139477322,0.23947757482528687,0.2808155699721965,0.9068601762353947,0.21787090599536896,0.20389249304911955,0.8099192353528522,0.02922183647751808,0.023169601482854494
voltkd,42,0.63,0.9148144458452322,0.935883766298657,0.4839238226413727,0.525949953660797,0.929211895070104,0.2775678038597107,0.3164967562557924,0.9368982866228072,0.23028992116451263,0.2622798887859129,0.9188295776561468,0.19596314430236816,0.18906394810009267,0.8532487035784456,0.04388932138681412,0.0458758109360519
voltkd,42,0.8,0.925955389742871,0.946349665663004,0.5108780860900879,0.5454124189063948,0.9357270465852555,0.25238659977912903,0.28683966635773867,0.9422953133922009,0.22317129373550415,0.24837812789620017,0.9240033383797213,0.19697299599647522,0.1932344763670065,0.8814015846941734,0.07066767662763596,0.07970342910101946
voltkd,42,1.0,0.930073620967271,0.9503847373749224,0.5116946697235107,0.5449490268767377,0.9374118046132971,0.23433078825473785,0.27340129749768305,0.943106684785731,0.22016564011573792,0.24606116774791473,0.9264840747641785,0.20613275468349457,0.20342910101946246,0.8929808032982254,0.11405325680971146,0.14272474513438368
voltkd,42,1.25,0.9284252009008327,0.9459134416941479,0.4880679249763489,0.5315106580166821,0.9360945273631841,0.21963532269001007,0.2562557924003707,0.9404943502990466,0.2210245281457901,0.24652455977757182,0.9280198264818912,0.2175310105085373,0.21779425393883226,0.8916038586658938,0.1842239499092102,0.24884151992585726
voltkd,42,1.6,0.9217970993499328,0.9331265179855489,0.4322362244129181,0.47312326227988877,0.9321189507010403,0.20556242763996124,0.24096385542168675,0.9357785471996548,0.2267654836177826,0.25023169601482853,0.9278220954155507,0.23063872754573822,0.2242817423540315,0.8801393854478694,0.29404300451278687,0.3938832252085264
voltkd,42,2.0,0.9131831873825306,0.9178717136563302,0.35794195532798767,0.39527340129749766,0.9274208502939846,0.19327673316001892,0.22567191844300277,0.930661162160546,0.23699063062667847,0.26367006487488415,0.9261529055549085,0.24222885072231293,0.2340129749768304,0.8638093052468838,0.4157932698726654,0.5551436515291936
voltkd,42,2.5,0.9027793706270042,0.9025691158643881,0.27132871747016907,0.28776645041705284,0.9216553595658075,0.1809825897216797,0.20528266913809082,0.9242540249062877,0.2530558407306671,0.2738646895273401,0.9231117289701487,0.2538207471370697,0.24606116774791473,0.8423066238283893,0.5478376746177673,0.7326227988878591
voltkd,123,0.4,0.8605048411322661,0.9076239262764113,0.3389025628566742,0.2849860982391103,0.8906399819086387,0.4217833876609802,0.49582947173308617,0.8975057364661023,0.2186097502708435,0.2608897126969416,0.8850624490508908,0.23574747145175934,0.16357738646895273,0.7216921119592875,0.02480151504278183,0.006950880444856348
voltkd,123,0.5,0.891775773275252,0.9235391493632608,0.42530596256256104,0.40268767377201115,0.9106806874717323,0.34679660201072693,0.3938832252085264,0.9223158790775223,0.22343166172504425,0.2632066728452271,0.906934173751019,0.20033882558345795,0.15338276181649677,0.7954089767127258,0.029267821460962296,0.012048192771084338
voltkd,123,0.63,0.9128595900620308,0.9364477291587916,0.47931694984436035,0.4629286376274328,0.9248077792853913,0.29507526755332947,0.32483781278962004,0.9353634814867794,0.22399687767028809,0.25996292863762743,0.91884292147044,0.19010820984840393,0.15755329008341057,0.8488360389087513,0.04109747335314751,0.027340129749768304
voltkd,123,0.8,0.9255723145054224,0.9467563445821765,0.5058518052101135,0.49304911955514363,0.9323371777476255,0.2622133791446686,0.29147358665430956,0.9413877968335411,0.22241425514221191,0.2567191844300278,0.9242132001863284,0.19395391643047333,0.16774791473586653,0.8831670531774406,0.06362713873386383,0.056533827618164965
voltkd,123,1.0,0.9303483726501203,0.9520292669786276,0.5099477171897888,0.5013901760889713,0.9349332881049299,0.24258790910243988,0.2710843373493976,0.9429566045279683,0.22161515057086945,0.2511584800741427,0.9264161426186871,0.2036576271057129,0.18072289156626506,0.8954065610203884,0.09991438686847687,0.09731232622798888
voltkd,123,1.25,0.9294661327886482,0.9494718822369079,0.49362829327583313,0.484708063021316,0.9345443238353687,0.2285533845424652,0.25764596848934196,0.9414851145006843,0.22286675870418549,0.25301204819277107,0.9274897131322543,0.21531936526298523,0.19230769230769232,0.8943396302380262,0.15868642926216125,0.17238183503243745
voltkd,123,1.6,0.9233689609857857,0.9382847360714643,0.4488808512687683,0.42168674698795183,0.9319798733604703,0.21689775586128235,0.24513438368860055,0.9367810364214301,0.22767725586891174,0.26274328081556997,0.9272944082139667,0.22773252427577972,0.20064874884151992,0.882504750861597,0.25357332825660706,0.29842446709916587
voltkd,123,2.0,0.915448667532013,0.9241430849376729,0.3848700523376465,0.34754402224281744,0.928219131614654,0.208400160074234,0.23493975903614459,0.9306089858209331,0.23594747483730316,0.2715477293790547,0.9262293292185863,0.2378057837486267,0.20759962928637626,0.8680428060682192,0.3616577684879303,0.43605189990732157
voltkd,123,2.5,0.9062512679814606,0.9098467567790682,0.3063734471797943,0.252548656163114,0.92322026232474,0.20147274434566498,0.22798887859128822,0.9234297559906058,0.24966414272785187,0.28313253012048195,0.9244036528085091,0.24684008955955505,0.21223354958294718,0.8503559120043804,0.4790720045566559,0.6010194624652456
voltkd,456,0.4,0.8676371510261294,0.9026438474606464,0.370694100856781,0.37025023169601484,0.8908582089552239,0.42736178636550903,0.5379981464318814,0.8943399810289174,0.23120570182800293,0.35588507877664505,0.8969275261053531,0.2051432579755783,0.1927710843373494,0.7534161915805069,0.022448820993304253,0.009731232622798888
voltkd,456,0.5,0.8945211359144546,0.9213328293295446,0.4504126310348511,0.46153846153846156,0.9103550429669833,0.35233038663864136,0.42400370713623725,0.9202112379628011,0.2239900827407837,0.3262279888785913,0.9135975893792943,0.1832379847764969,0.17330861909175163,0.8071089799336489,0.029001573100686073,0.018072289156626505
voltkd,456,0.63,0.9136313693003482,0.9359802221961531,0.49893829226493835,0.5088044485634847,0.9248371777476255,0.30010199546813965,0.35912882298424464,0.9335378958513361,0.21716423332691193,0.30444856348470806,0.9225840417685649,0.1804378181695938,0.1784059314179796,0.8512175089380616,0.042205728590488434,0.03938832252085264
voltkd,456,0.8,0.9255223810816957,0.9470239879734268,0.5195884108543396,0.5347544022242817,0.9331886024423337,0.26706111431121826,0.31881371640407785,0.9386148295709698,0.21270263195037842,0.2845227062094532,0.9262475253289857,0.18821218609809875,0.1932344763670065,0.8825369600927626,0.06632319837808609,0.07182576459684893
voltkd,456,1.0,0.9301962423175159,0.9519180385562898,0.518258273601532,0.5333642261353104,0.9363444142921754,0.24746741354465485,0.2974976830398517,0.9397240164759982,0.21106332540512085,0.2775718257645968,0.9276364950894763,0.2001405507326126,0.20435588507877664,0.8953582471736399,0.10444150120019913,0.12140871177015755
voltkd,456,1.25,0.9294611305928584,0.9490504307928936,0.4976392686367035,0.5152919369786839,0.9363828584350973,0.23241150379180908,0.2798887859128823,0.9383850191762704,0.212164044380188,0.2761816496756256,0.9279640250766662,0.2131463885307312,0.2205746061167748,0.8955233194833639,0.16511744260787964,0.20806302131603335
voltkd,456,1.6,0.9236274050400665,0.9376599451678638,0.4486083686351776,0.46709916589434664,0.9343091361374943,0.21774888038635254,0.26969416126042633,0.9343820973012522,0.2164740264415741,0.2812789620018536,0.9270566457047474,0.22616802155971527,0.2344763670064875,0.8847292008889749,0.2641434371471405,0.3493975903614458
voltkd,456,2.0,0.9147301849115763,0.921852474615154,0.3798702657222748,0.38368860055607046,0.9304545454545455,0.20615054666996002,0.25996292863762743,0.9284328220833719,0.2238290160894394,0.2979610750695088,0.9242180524824346,0.23543430864810944,0.2428174235403151,0.8686930299223757,0.3801925778388977,0.5106580166821131
voltkd,456,2.5,0.9039406487395171,0.905407178578101,0.29499897360801697,0.27571825764596847,0.9248699683401176,0.19698107242584229,0.2516218721037998,0.921015574344249,0.23580920696258545,0.3123262279888786,0.9195926012188969,0.24275361001491547,0.24513438368860055,0.8488179212162207,0.5083529353141785,0.669601482854495
voltkd,789,0.4,0.8762134323973175,0.9078429072328889,0.3632547855377197,0.36886005560704355,0.8972636815920398,0.3986606001853943,0.4680259499536608,0.8979125946648814,0.27207478880882263,0.38322520852641334,0.8928855634486238,0.18703486025333405,0.15106580166821132,0.7851624150481529,0.021220093593001366,0.012511584800741427
voltkd,789,0.5,0.8988053206265099,0.9228917651863728,0.43668386340141296,0.4457831325301205,0.9147207146087744,0.3378627300262451,0.3901760889712697,0.9222091813942691,0.2504177987575531,0.34151992585727525,0.9116093610496487,0.17482557892799377,0.15291936978683968,0.8225955808934842,0.028896190226078033,0.021779425393883226
voltkd,789,0.63,0.9159034794916121,0.9359567599508162,0.4842669665813446,0.494902687673772,0.9283095884215287,0.29332536458969116,0.3336422613531047,0.9351993312048513,0.2353266328573227,0.3086190917516219,0.9193063157486123,0.17803414165973663,0.16404077849860982,0.8607454021322511,0.043258823454380035,0.04355885078776645
voltkd,789,0.8,0.9269418382395734,0.946816303653593,0.5055626630783081,0.5180722891566265,0.9364280868385345,0.26341551542282104,0.3030583873957368,0.9408707234454675,0.22771435976028442,0.29842446709916587,0.9222856255580141,0.1886909306049347,0.18257645968489342,0.8883084517022578,0.06936527043581009,0.0783132530120482
voltkd,789,1.0,0.9305525268090147,0.9510108317365972,0.5034775733947754,0.5213160333642262,0.9390174129353235,0.243916854262352,0.2849860982391103,0.942171028178741,0.2270430028438568,0.2933271547729379,0.9239026532355112,0.2009625881910324,0.19925857275254866,0.896660707958901,0.11163368076086044,0.13577386468952735
voltkd,789,1.25,0.9282522977656512,0.9465512671784911,0.48067155480384827,0.494902687673772,0.9386160108548168,0.22916506230831146,0.2715477293790547,0.9402457798721271,0.2309648096561432,0.29101019462465244,0.9249531753425722,0.21414783596992493,0.21455050973123263,0.8908952555802494,0.17827345430850983,0.2340129749768304
voltkd,789,1.6,0.9210819518797919,0.9342109951033424,0.430131196975708,0.43790546802594993,0.9356942559927635,0.21629860997200012,0.25764596848934196,0.9351172560638872,0.23939795792102814,0.29703429101019463,0.924966519156865,0.2283044010400772,0.22659870250231695,0.8754207330821014,0.28277161717414856,0.3818350324374421
voltkd,789,2.0,0.9117399395085647,0.9202596488483947,0.3651227653026581,0.36098239110287306,0.9308649932157395,0.20653247833251953,0.247451343836886,0.9279790638040422,0.2518989145755768,0.3109360518999073,0.922210414968363,0.24024797976016998,0.23354958294717332,0.857385576706284,0.3987554609775543,0.5421686746987951
voltkd,789,2.5,0.901116590334151,0.9067558231989468,0.2896392345428467,0.27247451343836887,0.9247817729534149,0.19723907113075256,0.23679332715477294,0.9194373866337114,0.2731688916683197,0.34244670991658943,0.9177960385854586,0.25156503915786743,0.24606116774791473,0.8368119302992238,0.5222460031509399,0.6992585727525487
voltkd,2025,0.4,0.8801943139558516,0.912752599312643,0.3845418095588684,0.35959221501390176,0.8993272274988692,0.3355366587638855,0.3989805375347544,0.896864377864569,0.26233944296836853,0.39156626506024095,0.8999802268933659,0.16821859776973724,0.1334569045412419,0.792047138209811,0.018462060019373894,0.011584800741427247
voltkd,2025,0.5,0.9000961703592232,0.9263780810490232,0.4563414752483368,0.4411492122335496,0.914295567616463,0.2884998023509979,0.3276181649675626,0.9210953044811855,0.245786651968956,0.3443002780352178,0.9094792030588875,0.16715013980865479,0.14318813716404077,0.8292326955905562,0.02746232971549034,0.025023169601482854
voltkd,2025,0.63,0.9150216774426211,0.9384863375869515,0.49900534749031067,0.4911955514365153,0.9256478968792401,0.258230596780777,0.2942539388322521,0.9341851169629384,0.23209667205810547,0.3086190917516219,0.9150350821008502,0.17527319490909576,0.15801668211306766,0.8617539536831255,0.043818291276693344,0.05097312326227989
voltkd,2025,0.8,0.9244425021946094,0.9475484126053084,0.5156188011169434,0.5097312326227988,0.9324106739032112,0.23799705505371094,0.2752548656163114,0.9395645562021252,0.2240380495786667,0.28544949026876737,0.918301890454563,0.1883080154657364,0.1746987951807229,0.8843869778078396,0.07246187329292297,0.09499536607970342
voltkd,2025,1.0,0.9277376383185032,0.9502035567025987,0.5108895897865295,0.5125115848007414,0.9348575305291724,0.22379262745380402,0.2594995366079703,0.9403360625271875,0.2215757966041565,0.2761816496756256,0.9210349462365592,0.2023157775402069,0.1932344763670065,0.8922560955969981,0.11650105565786362,0.16543095458758109
voltkd,2025,1.25,0.9257374665286212,0.9441946149802092,0.48552218079566956,0.47544022242817424,0.9342526006331975,0.21088707447052002,0.2511584800741427,0.938593138283715,0.2230072170495987,0.2808155699721965,0.9229540293466869,0.21606020629405975,0.20528266913809082,0.8886929493992979,0.18418601155281067,0.26830398517145504
voltkd,2025,1.6,0.91807170076862,0.9284957659336887,0.4323772192001343,0.4138090824837813,0.9305845771144278,0.19782286882400513,0.23957367933271548,0.9340197941789965,0.22840365767478943,0.28683966635773867,0.9240882535615854,0.23056446015834808,0.22103799814643188,0.8731701130544014,0.28586238622665405,0.41334569045412417
voltkd,2025,2.0,0.9079923634294133,0.9108339090273161,0.3667456805706024,0.33688600556070436,0.9260707824513794,0.1874261498451233,0.23123262279888787,0.9281608016161768,0.23728047311306,0.29981464318813716,0.9234392589573385,0.2432297319173813,0.22984244670991658,0.8514570650948561,0.3938385248184204,0.5685820203892493
voltkd,2025,2.5,0.8954346580865234,0.8964984771264832,0.291938841342926,0.24884151992585726,0.9200983717774762,0.1791386902332306,0.216404077849861,0.9209393617133537,0.2517798840999603,0.3253012048192771,0.9202161212685843,0.25524088740348816,0.23493975903614459,0.8194209585467195,0.5044715404510498,0.7136237256719185
abl_zscore,42,0.4,0.9167082898903741,0.9450409937564359,0.5028486847877502,0.541241890639481,0.9355178652193579,0.24119342863559723,0.26413345690454126,0.9395563486880288,0.21194112300872803,0.2701575532900834,0.9284904992042234,0.20857486128807068,0.19462465245597776,0.8349357425838246,0.13945291936397552,0.16589434661723818
abl_zscore,42,0.5,0.9167080637483569,0.9450409937564359,0.5028488039970398,0.541241890639481,0.9355167345092718,0.24119339883327484,0.26413345690454126,0.9395563486880288,0.21194110810756683,0.2701575532900834,0.9284904992042234,0.2085748165845871,0.19462465245597776,0.8349357425838246,0.13945280015468597,0.16589434661723818
abl_zscore,42,0.63,0.916708935120569,0.9450409937564359,0.5028488039970398,0.541241890639481,0.9355178652193578,0.24119329452514648,0.26413345690454126,0.9395563486880288,0.21194107830524445,0.2701575532900834,0.9284917122782501,0.20857474207878113,0.19462465245597776,0.8349377556607724,0.13945280015468597,0.16589434661723818
abl_zscore,42,0.8,0.9167082898903741,0.9450409937564359,0.5028486847877502,0.541241890639481,0.9355178652193579,0.24119339883327484,0.26413345690454126,0.9395563486880288,0.21194112300872803,0.2701575532900834,0.9284904992042234,0.2085748314857483,0.19462465245597776,0.8349357425838246,0.13945291936397552,0.16589434661723818
abl_zscore,42,1.0,0.9167080637483569,0.9450409937564359,0.5028488039970398,0.541241890639481,0.9355167345092718,0.24119339883327484,0.26413345690454126,0.9395563486880288,0.21194109320640564,0.2701575532900834,0.9284904992042234,0.2085748016834259,0.19462465245597776,0.8349357425838246,0.13945280015468597,0.16589434661723818
abl_zscore,42,1.25,0.9167085160323912,0.9450409937564359,0.502848744392395,0.541241890639481,0.9355189959294438,0.24119339883327484,0.26413345690454126,0.9395563486880288,0.21194109320640564,0.2701575532900834,0.9284904992042236,0.2085748314857483,0.19462465245597776,0.8349357425838246,0.13945281505584717,0.16589434661723818
abl_zscore,42,1.6,0.9167082898903741,0.9450409937564359,0.502848744392395,0.541241890639481,0.9355178652193579,0.24119339883327484,0.26413345690454126,0.9395563486880288,0.21194112300872803,0.2701575532900834,0.9284904992042234,0.2085748314857483,0.19462465245597776,0.8349357425838246,0.13945291936397552,0.16589434661723818
abl_zscore,42,2.0,0.9167080637483569,0.9450409937564359,0.5028488039970398,0.541241890639481,0.9355167345092718,0.24119339883327484,0.26413345690454126,0.9395563486880288,0.21194109320640564,0.2701575532900834,0.9284904992042234,0.2085748016834259,0.19462465245597776,0.8349357425838246,0.13945280015468597,0.16589434661723818
abl_zscore,42,2.5,0.9167085160323912,0.9450409937564359,0.502848744392395,0.541241890639481,0.9355189959294438,0.24119339883327484,0.26413345690454126,0.9395563486880288,0.21194109320640564,0.2701575532900834,0.9284904992042236,0.2085748314857483,0.19462465245597776,0.8349357425838246,0.13945281505584717,0.16589434661723818
abl_zscore,123,0.4,0.9188552258542853,0.9492333494093161,0.5077173113822937,0.5180722891566265,0.9332722749886929,0.24462927877902985,0.2557924003707136,0.9379992660137394,0.22241003811359406,0.2919369786839666,0.9304047300182445,0.20809952914714813,0.206209453197405,0.8433665088414339,0.11956215649843216,0.1784059314179796
abl_zscore,123,0.5,0.9188552258542853,0.9492333494093161,0.5077173113822937,0.5180722891566265,0.9332722749886929,0.24462930858135223,0.2557924003707136,0.9379992660137394,0.22241003811359406,0.2919369786839666,0.9304047300182445,0.20809954404830933,0.206209453197405,0.8433665088414339,0.1195620745420456,0.1784059314179796
abl_zscore,123,0.63,0.9188547433036373,0.9492324804372667,0.5077172517776489,0.5180722891566265,0.933271144278607,0.24462930858135223,0.2557924003707136,0.9379992660137394,0.22241006791591644,0.2919369786839666,0.9304023038701914,0.20809945464134216,0.206209453197405,0.8433685219183817,0.11956212669610977,0.1784059314179796
abl_zscore,123,0.8,0.9188552258542853,0.9492333494093161,0.5077173113822937,0.5180722891566265,0.9332722749886929,0.24462924897670746,0.2557924003707136,0.9379992660137394,0.22241006791591644,0.2919369786839666,0.9304047300182445,0.20809951424598694,0.206209453197405,0.8433665088414339,0.11956215649843216,0.1784059314179796
abl_zscore,123,1.0,0.9188549832394802,0.9492333494093161,0.5077173113822937,0.5180722891566265,0.9332722749886929,0.24462930858135223,0.2557924003707136,0.9379992660137394,0.22241003811359406,0.2919369786839666,0.930403516944218,0.20809954404830933,0.206209453197405,0.8433665088414339,0.1195620745420456,0.1784059314179796
abl_zscore,123,1.25,0.9188552285332477,0.9492324804372667,0.5077173113822937,0.5180722891566265,0.933271144278607,0.24462924897670746,0.2557924003707136,0.9379992660137394,0.22241006791591644,0.2919369786839666,0.9304047300182445,0.20809946954250336,0.206209453197405,0.8433685219183817,0.11956212669610977,0.1784059314179796
abl_zscore,123,1.6,0.9188552258542853,0.9492333494093161,0.5077173113822937,0.5180722891566265,0.9332722749886929,0.24462924897670746,0.2557924003707136,0.9379992660137394,0.22241006791591644,0.2919369786839666,0.9304047300182445,0.20809952914714813,0.206209453197405,0.8433665088414339,0.11956215649843216,0.1784059314179796
abl_zscore,123,2.0,0.9188549832394802,0.9492333494093161,0.5077173113822937,0.5180722891566265,0.9332722749886929,0.24462930858135223,0.2557924003707136,0.9379992660137394,0.22241003811359406,0.2919369786839666,0.930403516944218,0.20809954404830933,0.206209453197405,0.8433665088414339,0.1195620745420456,0.1784059314179796
abl_zscore,123,2.5,0.9188552285332477,0.9492324804372667,0.5077173113822937,0.5180722891566265,0.933271144278607,0.24462924897670746,0.2557924003707136,0.9379992660137394,0.22241006791591644,0.2919369786839666,0.9304047300182445,0.20809946954250336,0.206209453197405,0.8433685219183817,0.11956212669610977,0.1784059314179796
abl_zscore,456,0.4,0.9193095882683769,0.9452834369582502,0.5116384029388428,0.5268767377201112,0.9361635006784261,0.21693283319473267,0.28683966635773867,0.9363741782226511,0.21676157414913177,0.26042632066728455,0.9334398412328715,0.22679457068443298,0.23262279888785914,0.845286984249686,0.133616104722023,0.12094531974050046
abl_zscore,456,0.5,0.919310161999214,0.9452851749023493,0.5116382837295532,0.5268767377201112,0.936164631388512,0.21693280339241028,0.28683966635773867,0.9363741782226511,0.21676155924797058,0.26042632066728455,0.9334398412328715,0.22679458558559418,0.23262279888785914,0.845286984249686,0.1336161345243454,0.12094531974050046
abl_zscore,456,0.63,0.9193098308831823,0.9452834369582502,0.511638343334198,0.5268767377201112,0.9361635006784261,0.21693283319473267,0.28683966635773867,0.9363741782226511,0.21676169335842133,0.26042632066728455,0.933441054306898,0.22679458558559418,0.23262279888785914,0.845286984249686,0.13361616432666779,0.12094531974050046
abl_zscore,456,0.8,0.9193094144739671,0.9452825679862008,0.5116384029388428,0.5268767377201112,0.9361635006784261,0.21693283319473267,0.28683966635773867,0.9363741782226511,0.21676157414913177,0.26042632066728455,0.9334398412328715,0.22679457068443298,0.23262279888785914,0.845286984249686,0.133616104722023,0.12094531974050046
abl_zscore,456,1.0,0.919310161999214,0.9452851749023493,0.5116382837295532,0.5268767377201112,0.936164631388512,0.21693281829357147,0.28683966635773867,0.9363741782226511,0.21676157414913177,0.26042632066728455,0.9334398412328715,0.22679458558559418,0.23262279888785914,0.845286984249686,0.1336161345243454,0.12094531974050046
abl_zscore,456,1.25,0.9193100515897594,0.9452825679862008,0.5116384029388428,0.5268767377201112,0.9361635006784261,0.21693286299705505,0.28683966635773867,0.9363753507246648,0.2167615443468094,0.26042632066728455,0.9334398412328714,0.22679449617862701,0.23262279888785914,0.8452889973266339,0.133616104722023,0.12094531974050046
abl_zscore,456,1.6,0.9193095882683769,0.9452834369582502,0.5116384029388428,0.5268767377201112,0.9361635006784261,0.21693283319473267,0.28683966635773867,0.9363741782226511,0.21676157414913177,0.26042632066728455,0.9334398412328715,0.22679458558559418,0.23262279888785914,0.845286984249686,0.133616104722023,0.12094531974050046
abl_zscore,456,2.0,0.919310161999214,0.9452851749023493,0.5116382837295532,0.5268767377201112,0.936164631388512,0.21693281829357147,0.28683966635773867,0.9363741782226511,0.21676157414913177,0.26042632066728455,0.9334398412328715,0.22679458558559418,0.23262279888785914,0.845286984249686,0.1336161345243454,0.12094531974050046
abl_zscore,456,2.5,0.9193100515897594,0.9452825679862008,0.5116384029388428,0.5268767377201112,0.9361635006784261,0.21693286299705505,0.28683966635773867,0.9363753507246648,0.2167615443468094,0.26042632066728455,0.9334398412328714,0.22679449617862701,0.23262279888785914,0.8452889973266339,0.133616104722023,0.12094531974050046
abl_zscore,789,0.4,0.9176293752397727,0.9470483191908132,0.503806471824646,0.5217794253938832,0.9348857982813207,0.2230415791273117,0.27247451343836887,0.9373860474605364,0.23879756033420563,0.2747914735866543,0.9271330693684251,0.21681587398052216,0.22381835032437442,0.841693641897768,0.15137405693531036,0.1283595922150139
abl_zscore,789,0.5,0.9176299459701491,0.9470483191908132,0.503806471824646,0.5217794253938832,0.9348857982813207,0.2230416089296341,0.27247451343836887,0.9373848749585227,0.2387976199388504,0.2747914735866543,0.9271330693684251,0.21681590378284454,0.22381835032437442,0.8416976680516637,0.1513739824295044,0.1283595922150139
abl_zscore,789,0.63,0.9176301804705519,0.9470483191908132,0.5038065910339355,0.5217794253938832,0.9348857982813207,0.2230415642261505,0.27247451343836887,0.9373860474605364,0.23879753053188324,0.2747914735866543,0.9271330693684251,0.21681593358516693,0.22381835032437442,0.8416976680516637,0.15137402713298798,0.1283595922150139
abl_zscore,789,0.8,0.91762914073937,0.9470483191908132,0.503806471824646,0.5217794253938832,0.9348857982813207,0.22304154932498932,0.27247451343836887,0.9373848749585227,0.23879756033420563,0.2747914735866543,0.9271330693684251,0.21681588888168335,0.22381835032437442,0.841693641897768,0.15137405693531036,0.1283595922150139
abl_zscore,789,1.0,0.9176299459701491,0.9470483191908132,0.503806471824646,0.5217794253938832,0.9348857982813207,0.2230416089296341,0.27247451343836887,0.9373848749585227,0.23879759013652802,0.2747914735866543,0.9271330693684251,0.21681588888168335,0.22381835032437442,0.8416976680516637,0.1513739973306656,0.1283595922150139
abl_zscore,789,1.25,0.9176295433547595,0.9470483191908132,0.503806471824646,0.5217794253938832,0.9348857982813207,0.22304154932498932,0.27247451343836887,0.9373848749585227,0.2387976497411728,0.2747914735866543,0.9271330693684251,0.21681593358516693,0.22381835032437442,0.8416956549747158,0.1513739973306656,0.1283595922150139
abl_zscore,789,1.6,0.91762914073937,0.9470483191908132,0.503806471824646,0.5217794253938832,0.9348857982813207,0.22304154932498932,0.27247451343836887,0.9373848749585227,0.23879756033420563,0.2747914735866543,0.9271330693684251,0.21681588888168335,0.22381835032437442,0.841693641897768,0.15137405693531036,0.1283595922150139
abl_zscore,789,2.0,0.9176299459701491,0.9470483191908132,0.503806471824646,0.5217794253938832,0.9348857982813207,0.2230416089296341,0.27247451343836887,0.9373848749585227,0.23879759013652802,0.2747914735866543,0.9271330693684251,0.21681588888168335,0.22381835032437442,0.8416976680516637,0.1513739973306656,0.1283595922150139
abl_zscore,789,2.5,0.9176295433547595,0.9470483191908132,0.503806471824646,0.5217794253938832,0.9348857982813207,0.22304154932498932,0.27247451343836887,0.9373848749585227,0.2387976497411728,0.2747914735866543,0.9271330693684251,0.21681593358516693,0.22381835032437442,0.8416956549747158,0.1513739973306656,0.1283595922150139
abl_zscore,2025,0.4,0.9171477186895031,0.9465895019486699,0.5049281716346741,0.5245597775718258,0.9337121212121212,0.22509810328483582,0.2775718257645968,0.9360740177071254,0.2364177405834198,0.24420759962928637,0.9278706183766157,0.21376098692417145,0.2293790546802595,0.8414923342029825,0.1443656086921692,0.1645041705282669
abl_zscore,2025,0.5,0.9171477103311174,0.9465895019486699,0.5049281716346741,0.5245597775718258,0.9337132519222071,0.22509802877902985,0.2775718257645968,0.9360728452051116,0.23641781508922577,0.24420759962928637,0.9278706183766157,0.21376101672649384,0.2293790546802595,0.8414923342029825,0.1443655639886856,0.1645041705282669
abl_zscore,2025,0.63,0.9171475365367074,0.9465886329766202,0.5049280524253845,0.5245597775718258,0.9337132519222071,0.22509801387786865,0.2775718257645968,0.9360728452051116,0.23641781508922577,0.24420759962928637,0.9278706183766157,0.21376101672649384,0.2293790546802595,0.8414923342029825,0.1443655639886856,0.1645041705282669
abl_zscore,2025,0.8,0.9171477186895031,0.9465895019486699,0.5049281120300293,0.5245597775718258,0.9337121212121212,0.22509810328483582,0.2775718257645968,0.9360740177071254,0.236417755484581,0.24420759962928637,0.9278706183766157,0.21376100182533264,0.2293790546802595,0.8414923342029825,0.144365593791008,0.1645041705282669
abl_zscore,2025,1.0,0.9171477103311174,0.9465895019486699,0.5049281716346741,0.5245597775718258,0.9337132519222071,0.22509805858135223,0.2775718257645968,0.9360728452051116,0.23641780018806458,0.24420759962928637,0.9278706183766157,0.21376101672649384,0.2293790546802595,0.8414923342029825,0.14436554908752441,0.1645041705282669
abl_zscore,2025,1.25,0.9171474785096769,0.9465886329766202,0.5049281120300293,0.5245597775718258,0.9337121212121212,0.22509807348251343,0.2775718257645968,0.9360716727030978,0.236417755484581,0.24420759962928637,0.9278706183766158,0.21376104652881622,0.2293790546802595,0.8414943472799303,0.14436553418636322,0.1645041705282669
abl_zscore,2025,1.6,0.9171477186895031,0.9465895019486699,0.5049281120300293,0.5245597775718258,0.9337121212121212,0.22509810328483582,0.2775718257645968,0.9360740177071254,0.2364177703857422,0.24420759962928637,0.9278706183766157,0.21376100182533264,0.2293790546802595,0.8414923342029825,0.144365593791008,0.1645041705282669
abl_zscore,2025,2.0,0.9171477103311174,0.9465895019486699,0.5049281716346741,0.5245597775718258,0.9337132519222071,0.22509805858135223,0.2775718257645968,0.9360728452051116,0.23641780018806458,0.24420759962928637,0.9278706183766157,0.21376101672649384,0.2293790546802595,0.8414923342029825,0.14436554908752441,0.1645041705282669
abl_zscore,2025,2.5,0.9171474785096769,0.9465886329766202,0.5049281120300293,0.5245597775718258,0.9337121212121212,0.22509807348251343,0.2775718257645968,0.9360716727030978,0.236417755484581,0.24420759962928637,0.9278706183766158,0.21376104652881622,0.2293790546802595,0.8414943472799303,0.14436553418636322,0.1645041705282669
ref_msca_mamba,42,0.4,0.8941497234130305,0.9375982481523483,0.49623382091522217,0.49258572752548657,0.90475802804161,0.24383088946342468,0.24559777571825764,0.9277175958549709,0.2408851981163025,0.2557924003707136,0.9016633671053141,0.18789269030094147,0.19230769230769232,0.7990113779109093,0.1162867620587349,0.11770157553290084
ref_msca_mamba,42,0.5,0.8941497566057384,0.9375982481523483,0.4962337017059326,0.49258572752548657,0.90475802804161,0.24383091926574707,0.24559777571825764,0.9277187683569847,0.2408851981163025,0.2557924003707136,0.9016633671053141,0.18789273500442505,0.19230769230769232,0.7990103713724354,0.11628676950931549,0.11770157553290084
ref_msca_mamba,42,0.63,0.8941495828113286,0.9375973791802987,0.4962337613105774,0.49258572752548657,0.90475802804161,0.24383088946342468,0.24559777571825764,0.9277187683569847,0.24088522791862488,0.2557924003707136,0.9016633671053141,0.18789273500442505,0.19230769230769232,0.7990103713724354,0.1162867620587349,0.11770157553290084
ref_msca_mamba,42,0.8,0.8941499247207254,0.9375982481523483,0.49623382091522217,0.49258572752548657,0.90475802804161,0.24383088946342468,0.24559777571825764,0.9277175958549709,0.2408851981163025,0.2557924003707136,0.9016633671053141,0.18789269030094147,0.19230769230769232,0.7990123844493833,0.1162867546081543,0.11770157553290084
ref_msca_mamba,42,1.0,0.8941501592211282,0.9375982481523483,0.4962337017059326,0.49258572752548657,0.90475802804161,0.24383088946342468,0.24559777571825764,0.9277187683569847,0.24088522791862488,0.2557924003707136,0.9016633671053141,0.18789273500442505,0.19230769230769232,0.7990123844493833,0.11628678441047668,0.11770157553290084
ref_msca_mamba,42,1.25,0.8941497566057384,0.9375982481523483,0.49623382091522217,0.49258572752548657,0.90475802804161,0.2438308745622635,0.24559777571825764,0.9277187683569847,0.2408851683139801,0.2557924003707136,0.9016633671053141,0.18789273500442505,0.19230769230769232,0.7990103713724354,0.1162867471575737,0.11770157553290084
ref_msca_mamba,42,1.6,0.8941499247207254,0.9375982481523483,0.49623382091522217,0.49258572752548657,0.90475802804161,0.24383091926574707,0.24559777571825764,0.9277175958549709,0.2408851683139801,0.2557924003707136,0.9016633671053141,0.18789269030094147,0.19230769230769232,0.7990123844493833,0.1162867471575737,0.11770157553290084
ref_msca_mamba,42,2.0,0.8941501592211282,0.9375982481523483,0.4962337017059326,0.49258572752548657,0.90475802804161,0.24383088946342468,0.24559777571825764,0.9277187683569847,0.24088522791862488,0.2557924003707136,0.9016633671053141,0.18789273500442505,0.19230769230769232,0.7990123844493833,0.11628679186105728,0.11770157553290084
ref_msca_mamba,42,2.5,0.8941497566057384,0.9375982481523483,0.49623382091522217,0.49258572752548657,0.90475802804161,0.2438308745622635,0.24559777571825764,0.9277187683569847,0.2408851683139801,0.2557924003707136,0.9016633671053141,0.18789273500442505,0.19230769230769232,0.7990103713724354,0.1162867471575737,0.11770157553290084
ref_msca_mamba,123,0.4,0.8968553163572774,0.9380153547361149,0.43474769592285156,0.48980537534754404,0.908715513342379,0.28871482610702515,0.28544949026876737,0.9268534618708207,0.26398077607154846,0.29240037071362374,0.9025586157369667,0.19286173582077026,0.1691380908248378,0.8081336361001064,0.12855668365955353,0.1691380908248378
ref_msca_mamba,123,0.5,0.8968546131000522,0.9380153547361149,0.43474775552749634,0.48980537534754404,0.9087143826322932,0.28871485590934753,0.28544949026876737,0.9268522893688069,0.2639807462692261,0.29240037071362374,0.90255740266294,0.19286179542541504,0.1691380908248378,0.8081336361001064,0.12855668365955353,0.1691380908248378
ref_msca_mamba,123,0.63,0.8968546819204477,0.9380144857640654,0.43474775552749634,0.48980537534754404,0.908714382632293,0.28871485590934753,0.28544949026876737,0.9268522893688069,0.2639807462692261,0.29240037071362374,0.9025586157369667,0.19286176562309265,0.1691380908248378,0.8081336361001064,0.12855666875839233,0.1691380908248378
ref_msca_mamba,123,0.8,0.8968550902152603,0.938015354736115,0.4347476661205292,0.48980537534754404,0.908714382632293,0.28871476650238037,0.28544949026876737,0.9268534618708207,0.26398083567619324,0.29240037071362374,0.9025586157369667,0.19286179542541504,0.1691380908248378,0.8081336361001064,0.12855669856071472,0.1691380908248378
ref_msca_mamba,123,1.0,0.8968546131000522,0.9380153547361149,0.43474775552749634,0.48980537534754404,0.908714382632293,0.28871485590934753,0.28544949026876737,0.9268522893688069,0.2639807164669037,0.29240037071362374,0.90255740266294,0.19286179542541504,0.1691380908248378,0.8081336361001064,0.12855668365955353,0.1691380908248378
ref_msca_mamba,123,1.25,0.8968548557148577,0.9380153547361149,0.4347476065158844,0.48980537534754404,0.908714382632293,0.28871485590934753,0.28544949026876737,0.9268522893688069,0.263980895280838,0.29240037071362374,0.9025586157369667,0.19286176562309265,0.1691380908248378,0.8081336361001064,0.1285567432641983,0.1691380908248378
ref_msca_mamba,123,1.6,0.8968550902152603,0.938015354736115,0.43474769592285156,0.48980537534754404,0.908714382632293,0.288714736700058,0.28544949026876737,0.9268534618708207,0.26398083567619324,0.29240037071362374,0.9025586157369667,0.19286179542541504,0.1691380908248378,0.8081336361001064,0.12855669856071472,0.1691380908248378
ref_msca_mamba,123,2.0,0.8968546131000522,0.9380153547361149,0.43474775552749634,0.48980537534754404,0.908714382632293,0.28871485590934753,0.28544949026876737,0.9268522893688069,0.2639807164669037,0.29240037071362374,0.90255740266294,0.19286179542541504,0.1691380908248378,0.8081336361001064,0.12855668365955353,0.1691380908248378
ref_msca_mamba,123,2.5,0.8968548557148577,0.9380153547361149,0.4347476065158844,0.48980537534754404,0.908714382632293,0.28871485590934753,0.28544949026876737,0.9268522893688069,0.263980895280838,0.29240037071362374,0.9025586157369667,0.19286176562309265,0.1691380908248378,0.8081336361001064,0.1285567432641983,0.1691380908248378
ref_msca_mamba,456,0.4,0.8974856147566157,0.9354970737366233,0.46273815631866455,0.5134383688600556,0.9134661917684307,0.22399775683879852,0.2562557924003707,0.9328660521974446,0.24762652814388275,0.31974050046339203,0.9068541108652615,0.24402223527431488,0.23772011121408712,0.7987446452153186,0.14960715174674988,0.23076923076923078
ref_msca_mamba,456,0.5,0.8974852507124161,0.9354970737366233,0.46273815631866455,0.5134383688600556,0.9134667571234736,0.22399777173995972,0.2562557924003707,0.9328648796954309,0.24762652814388275,0.31974050046339203,0.9068528977912349,0.24402226507663727,0.23772011121408712,0.7987446452153186,0.14960715174674988,0.23076923076923078
ref_msca_mamba,456,0.63,0.8974852507124161,0.9354970737366233,0.46273818612098694,0.5134383688600556,0.9134667571234736,0.22399774193763733,0.2562557924003707,0.9328648796954309,0.24762652814388275,0.31974050046339203,0.9068528977912349,0.24402226507663727,0.23772011121408712,0.7987446452153186,0.1496071219444275,0.23076923076923078
ref_msca_mamba,456,0.8,0.8974856147566157,0.9354970737366233,0.46273815631866455,0.5134383688600556,0.9134661917684307,0.22399775683879852,0.2562557924003707,0.9328660521974446,0.24762652814388275,0.31974050046339203,0.9068541108652615,0.24402223527431488,0.23772011121408712,0.7987446452153186,0.14960715174674988,0.23076923076923078
ref_msca_mamba,456,1.0,0.8974854933272216,0.9354970737366233,0.46273815631866455,0.5134383688600556,0.9134667571234736,0.2239978015422821,0.2562557924003707,0.9328648796954309,0.24762652814388275,0.31974050046339203,0.9068541108652615,0.24402226507663727,0.23772011121408712,0.7987446452153186,0.14960715174674988,0.23076923076923078
ref_msca_mamba,456,1.25,0.8974857443004124,0.9354970737366233,0.46273818612098694,0.5134383688600556,0.9134656264133876,0.2239978015422821,0.2562557924003707,0.9328660521974446,0.24762646853923798,0.31974050046339203,0.906855323939288,0.24402223527431488,0.23772011121408712,0.7987446452153187,0.1496070921421051,0.23076923076923078
ref_msca_mamba,456,1.6,0.8974856147566157,0.9354970737366233,0.46273815631866455,0.5134383688600556,0.9134661917684307,0.22399775683879852,0.2562557924003707,0.9328660521974446,0.24762652814388275,0.31974050046339203,0.9068541108652615,0.24402223527431488,0.23772011121408712,0.7987446452153186,0.14960715174674988,0.23076923076923078
ref_msca_mamba,456,2.0,0.8974854933272216,0.9354970737366233,0.46273815631866455,0.5134383688600556,0.9134667571234736,0.2239978015422821,0.2562557924003707,0.9328648796954309,0.24762652814388275,0.31974050046339203,0.9068541108652615,0.24402226507663727,0.23772011121408712,0.7987446452153186,0.14960715174674988,0.23076923076923078
ref_msca_mamba,456,2.5,0.8974857443004124,0.9354970737366233,0.46273818612098694,0.5134383688600556,0.9134656264133876,0.2239978015422821,0.2562557924003707,0.9328660521974446,0.24762646853923798,0.31974050046339203,0.906855323939288,0.24402223527431488,0.23772011121408712,0.7987446452153187,0.1496070921421051,0.23076923076923078
ref_msca_mamba,789,0.4,0.8948968328124787,0.9344039068983345,0.46243274211883545,0.5134383688600556,0.9090818634102217,0.2755039632320404,0.29610750695088045,0.9239057918081974,0.22399763762950897,0.26830398517145504,0.9047385097628198,0.2734169661998749,0.2303058387395737,0.8023540921828195,0.1215665340423584,0.16543095458758109
ref_msca_mamba,789,0.5,0.8948967804648713,0.9344047758703843,0.46243274211883545,0.5134383688600556,0.9090807327001358,0.2755039930343628,0.29610750695088045,0.9239057918081974,0.22399766743183136,0.26830398517145504,0.9047385097628198,0.2734169661998749,0.2303058387395737,0.8023540921828195,0.12156650424003601,0.16543095458758109
ref_msca_mamba,789,0.63,0.8948967804648713,0.9344047758703842,0.4624326527118683,0.5134383688600556,0.9090807327001358,0.27550408244132996,0.29610750695088045,0.9239057918081974,0.22399765253067017,0.26830398517145504,0.9047385097628198,0.2734169661998749,0.2303058387395737,0.8023540921828195,0.1215665340423584,0.16543095458758109
ref_msca_mamba,789,0.8,0.8948965543228542,0.9344047758703842,0.46243277192115784,0.5134383688600556,0.9090796019900498,0.2755039632320404,0.29610750695088045,0.9239057918081974,0.22399760782718658,0.26830398517145504,0.9047385097628198,0.27341699600219727,0.2303058387395737,0.8023540921828195,0.1215665340423584,0.16543095458758109
ref_msca_mamba,789,1.0,0.8948967804648713,0.9344047758703843,0.46243271231651306,0.5134383688600556,0.9090807327001358,0.2755039930343628,0.29610750695088045,0.9239057918081974,0.22399763762950897,0.26830398517145504,0.9047385097628198,0.2734169661998749,0.2303058387395737,0.8023540921828195,0.12156650424003601,0.16543095458758109
ref_msca_mamba,789,1.25,0.8948966066704613,0.9344039068983345,0.4624326527118683,0.5134383688600556,0.9090807327001358,0.2755040228366852,0.29610750695088045,0.9239057918081974,0.22399768233299255,0.26830398517145504,0.9047385097628198,0.2734169661998749,0.2303058387395737,0.8023540921828195,0.1215665191411972,0.16543095458758109
ref_msca_mamba,789,1.6,0.8948965543228542,0.9344047758703842,0.46243277192115784,0.5134383688600556,0.9090796019900498,0.2755039632320404,0.29610750695088045,0.9239057918081974,0.22399760782718658,0.26830398517145504,0.9047385097628198,0.27341699600219727,0.2303058387395737,0.8023540921828195,0.12156650424003601,0.16543095458758109
ref_msca_mamba,789,2.0,0.8948967804648713,0.9344047758703843,0.46243271231651306,0.5134383688600556,0.9090807327001358,0.2755039930343628,0.29610750695088045,0.9239057918081974,0.22399763762950897,0.26830398517145504,0.9047385097628198,0.2734169661998749,0.2303058387395737,0.8023540921828195,0.12156650424003601,0.16543095458758109
ref_msca_mamba,789,2.5,0.8948966066704613,0.9344039068983345,0.4624326527118683,0.5134383688600556,0.9090807327001358,0.2755040228366852,0.29610750695088045,0.9239057918081974,0.22399768233299255,0.26830398517145504,0.9047385097628198,0.2734169661998749,0.2303058387395737,0.8023540921828195,0.1215665191411972,0.16543095458758109
ref_msca_mamba,2025,0.4,0.8914885251461524,0.9333724370755614,0.5000602006912231,0.5055607043558851,0.8957767978290366,0.2595752775669098,0.27293790546802593,0.9268475993607519,0.22234012186527252,0.2511584800741427,0.903307082411397,0.18254975974559784,0.211306765523633,0.798138709054015,0.08974378556013107,0.14550509731232622
ref_msca_mamba,2025,0.5,0.8914882825313472,0.9333724370755615,0.5000602006912231,0.5055607043558851,0.8957767978290366,0.2595753073692322,0.27293790546802593,0.9268475993607519,0.22234009206295013,0.2511584800741427,0.9033058693373704,0.18254972994327545,0.211306765523633,0.798138709054015,0.08974378556013107,0.14550509731232622
ref_msca_mamba,2025,0.63,0.8914880094597543,0.9333724370755614,0.5000603199005127,0.5055607043558851,0.8957762324739936,0.2595752775669098,0.27293790546802593,0.9268475993607519,0.22234006226062775,0.2511584800741427,0.903307082411397,0.18254978954792023,0.211306765523633,0.798136695977067,0.08974377810955048,0.14550509731232622
ref_msca_mamba,2025,0.8,0.8914885251461524,0.9333724370755614,0.5000602006912231,0.5055607043558851,0.8957767978290366,0.25957533717155457,0.27293790546802593,0.9268475993607519,0.22234012186527252,0.2511584800741427,0.903307082411397,0.18254978954792023,0.211306765523633,0.798138709054015,0.08974379301071167,0.14550509731232622
ref_msca_mamba,2025,1.0,0.8914882825313472,0.9333724370755615,0.5000602006912231,0.5055607043558851,0.8957767978290366,0.2595752775669098,0.27293790546802593,0.9268475993607519,0.22234009206295013,0.2511584800741427,0.9033058693373704,0.18254972994327545,0.211306765523633,0.798138709054015,0.08974378556013107,0.14550509731232622
ref_msca_mamba,2025,1.25,0.8914880480309444,0.9333724370755615,0.5000602602958679,0.5055607043558851,0.8957767978290366,0.25957533717155457,0.27293790546802593,0.9268464268587381,0.22234007716178894,0.2511584800741427,0.9033058693373704,0.18254978954792023,0.211306765523633,0.798138709054015,0.08974380046129227,0.14550509731232622
ref_msca_mamba,2025,1.6,0.8914885251461524,0.9333724370755614,0.5000602006912231,0.5055607043558851,0.8957767978290366,0.25957536697387695,0.27293790546802593,0.9268475993607519,0.22234012186527252,0.2511584800741427,0.903307082411397,0.18254978954792023,0.211306765523633,0.798138709054015,0.08974379301071167,0.14550509731232622
ref_msca_mamba,2025,2.0,0.8914882825313472,0.9333724370755615,0.5000602006912231,0.5055607043558851,0.8957767978290366,0.2595752775669098,0.27293790546802593,0.9268475993607519,0.22234009206295013,0.2511584800741427,0.9033058693373704,0.18254972994327545,0.211306765523633,0.798138709054015,0.08974378556013107,0.14550509731232622
ref_msca_mamba,2025,2.5,0.8914880480309444,0.9333724370755615,0.5000602602958679,0.5055607043558851,0.8957767978290366,0.25957533717155457,0.27293790546802593,0.9268464268587381,0.22234007716178894,0.2511584800741427,0.9033058693373704,0.18254978954792023,0.211306765523633,0.798138709054015,0.08974380046129227,0.14550509731232622
