tag,seed,kind,level,macro_auc,macro_f1
voltkd,42,wander,0.0,0.930073620967271,0.7552905887279884
voltkd,42,wander,0.1,0.9293642628033225,0.7493796864545632
voltkd,42,wander,0.2,0.9265897722626939,0.7380658596001379
voltkd,42,wander,0.5,0.9117340347842907,0.7085690211144005
voltkd,42,wander,1.0,0.8163695583714388,0.5262382383994044
voltkd,42,wander,2.0,0.6131393740973762,0.24412279631338035
voltkd,42,white,0.0,0.930073620967271,0.7552905887279884
voltkd,42,white,0.01,0.9299606815894071,0.7550478712250264
voltkd,42,white,0.02,0.9298330935127129,0.755688245156451
voltkd,42,white,0.05,0.9293298647330923,0.7563748699870881
voltkd,42,white,0.1,0.9239737902899654,0.7350676359379664
voltkd,42,white,0.2,0.8953702109829432,0.5772216886215784
voltkd,42,drop,0.0,0.930073620967271,0.7552905887279884
voltkd,42,drop,1.0,0.9205666814096887,0.7464862963319282
voltkd,42,drop,2.0,0.9121094011299284,0.7217474164324804
voltkd,42,drop,4.0,0.8826728405952229,0.6473059509200418
voltkd,42,drop,6.0,0.8284696640949433,0.5313111259222679
voltkd,42,drop,8.0,0.7382587214115844,0.3683909457913751
voltkd,123,wander,0.0,0.9303483726501203,0.7532334195380075
voltkd,123,wander,0.1,0.9299303096714091,0.7477532030796684
voltkd,123,wander,0.2,0.9270667311537772,0.7394983680928606
voltkd,123,wander,0.5,0.9024609984780326,0.6785564867814429
voltkd,123,wander,1.0,0.7954614637559532,0.4224747109229968
voltkd,123,wander,2.0,0.6103022531815231,0.2098245312147041
voltkd,123,white,0.0,0.9303483726501203,0.7532334195380075
voltkd,123,white,0.01,0.9301143318613448,0.7533186761412132
voltkd,123,white,0.02,0.9299894728512534,0.7513751016297852
voltkd,123,white,0.05,0.929224455955709,0.7389986553919609
voltkd,123,white,0.1,0.9229761967754968,0.6967466072836469
voltkd,123,white,0.2,0.8975517068192153,0.5285659534392708
voltkd,123,drop,0.0,0.9303483726501203,0.7532334195380075
voltkd,123,drop,1.0,0.9195759142508644,0.7329035761151499
voltkd,123,drop,2.0,0.9091551663498155,0.7112119893612808
voltkd,123,drop,4.0,0.8804571330048757,0.6261080119353919
voltkd,123,drop,6.0,0.8288233707774401,0.48541878733249194
voltkd,123,drop,8.0,0.7430591185962531,0.3486420325815082
voltkd,456,wander,0.0,0.9301962423175159,0.7550843972022993
voltkd,456,wander,0.1,0.9295894966070009,0.7508568847575087
voltkd,456,wander,0.2,0.9266014304374253,0.7410593779851994
voltkd,456,wander,0.5,0.9062478388047716,0.6990926222593894
voltkd,456,wander,1.0,0.7985161133939808,0.4438454605472025
voltkd,456,wander,2.0,0.5928534506987231,0.2776662313781829
voltkd,456,white,0.0,0.9301962423175159,0.7550843972022993
voltkd,456,white,0.01,0.9302017277497606,0.7529070757207343
voltkd,456,white,0.02,0.9301458234097713,0.7520611946059572
voltkd,456,white,0.05,0.9297054004716039,0.7498276223660457
voltkd,456,white,0.1,0.9253065999527179,0.7236688180918496
voltkd,456,white,0.2,0.9029616330210317,0.5804215536269803
voltkd,456,drop,0.0,0.9301962423175159,0.7550843972022993
voltkd,456,drop,1.0,0.920243367398942,0.7341422003245875
voltkd,456,drop,2.0,0.9107075377540355,0.7064232177516506
voltkd,456,drop,4.0,0.8830304753275662,0.6355532309832439
voltkd,456,drop,6.0,0.834133450891865,0.515115435125446
voltkd,456,drop,8.0,0.7563091641511142,0.37281334231415403
voltkd,789,wander,0.0,0.9305525268090147,0.7540327867064558
voltkd,789,wander,0.1,0.9296111264118178,0.7522146467284602
voltkd,789,wander,0.2,0.926875586967214,0.7399082408288493
voltkd,789,wander,0.5,0.9057857811951763,0.6884025432573238
voltkd,789,wander,1.0,0.8025286272207788,0.4476468513248341
voltkd,789,wander,2.0,0.6081959264610168,0.2758216849569896
voltkd,789,white,0.0,0.9305525268090147,0.7540327867064558
voltkd,789,white,0.01,0.9303710175103757,0.7555479146893107
voltkd,789,white,0.02,0.9302693871907817,0.7548963335049803
voltkd,789,white,0.05,0.9298695343834902,0.748799156954435
voltkd,789,white,0.1,0.9233891930438606,0.7151171483834515
voltkd,789,white,0.2,0.8922228391018011,0.5433908600396581
voltkd,789,drop,0.0,0.9305525268090147,0.7540327867064558
voltkd,789,drop,1.0,0.9218037502899203,0.7405985896129021
voltkd,789,drop,2.0,0.9123459435735285,0.7178896314982717
voltkd,789,drop,4.0,0.8824422611357722,0.6378791724013676
voltkd,789,drop,6.0,0.8321153520841538,0.521587420305345
voltkd,789,drop,8.0,0.7501891034337,0.3795846392250453
voltkd,2025,wander,0.0,0.9277376383185032,0.7534979115396763
voltkd,2025,wander,0.1,0.9269424926688575,0.7447098604103617
voltkd,2025,wander,0.2,0.9236967781424354,0.73106319613891
voltkd,2025,wander,0.5,0.9027372631744381,0.6816215967059227
voltkd,2025,wander,1.0,0.8030807286849744,0.4605942708907854
voltkd,2025,wander,2.0,0.6105230488888423,0.26324377377008956
voltkd,2025,white,0.0,0.9277376383185032,0.7534979115396763
voltkd,2025,white,0.01,0.9275731570948654,0.7522167111925095
voltkd,2025,white,0.02,0.9275597287372699,0.7504063952346687
voltkd,2025,white,0.05,0.9275071855219386,0.7497764681328188
voltkd,2025,white,0.1,0.9224014714702818,0.722982730702474
voltkd,2025,white,0.2,0.9000213595900183,0.5594119786262652
voltkd,2025,drop,0.0,0.9277376383185032,0.7534979115396763
voltkd,2025,drop,1.0,0.9176923691093941,0.7363042701584976
voltkd,2025,drop,2.0,0.9083545179120591,0.7136527434379552
voltkd,2025,drop,4.0,0.8826545650946489,0.6427094284587394
voltkd,2025,drop,6.0,0.8338860436689046,0.5191241463963677
voltkd,2025,drop,8.0,0.757743431675969,0.36656979900410197
ref_msca_mamba,42,wander,0.0,0.8941501592211282,0.6911371958363391
ref_msca_mamba,42,wander,0.1,0.8864263141355538,0.6754945928983389
ref_msca_mamba,42,wander,0.2,0.8626592440586499,0.6253480495084607
ref_msca_mamba,42,wander,0.5,0.7528635056151459,0.4030078598300027
ref_msca_mamba,42,wander,1.0,0.6049798229016401,0.26954759770814746
ref_msca_mamba,42,wander,2.0,0.529358580570894,0.2285244336779691
ref_msca_mamba,42,white,0.0,0.8941501592211282,0.6911371958363391
ref_msca_mamba,42,white,0.01,0.893989997247799,0.6954345027567799
ref_msca_mamba,42,white,0.02,0.8926047988660564,0.6963217560779066
ref_msca_mamba,42,white,0.05,0.8856692200766048,0.6658787433304891
ref_msca_mamba,42,white,0.1,0.8549888761186608,0.5171074857790454
ref_msca_mamba,42,white,0.2,0.778598743269941,0.34414380797667293
ref_msca_mamba,42,drop,0.0,0.8941501592211282,0.6911371958363391
ref_msca_mamba,42,drop,1.0,0.8860907176885326,0.6783997678511262
ref_msca_mamba,42,drop,2.0,0.8743842157829829,0.6425887545227059
ref_msca_mamba,42,drop,4.0,0.8374378624938407,0.5296514953047542
ref_msca_mamba,42,drop,6.0,0.7826584828801347,0.3948163625686061
ref_msca_mamba,42,drop,8.0,0.7015172064326268,0.32571449984288137
ref_msca_mamba,123,wander,0.0,0.8968546131000522,0.694867985464678
ref_msca_mamba,123,wander,0.1,0.8808520640433816,0.6525985545766633
ref_msca_mamba,123,wander,0.2,0.8463221227219311,0.569887173202023
ref_msca_mamba,123,wander,0.5,0.7241807016533182,0.3733597400685008
ref_msca_mamba,123,wander,1.0,0.5990717188181038,0.291028947725038
ref_msca_mamba,123,wander,2.0,0.5319707623182319,0.257932944540605
ref_msca_mamba,123,white,0.0,0.8968546131000522,0.694867985464678
ref_msca_mamba,123,white,0.01,0.8965622814047235,0.6944066324309578
ref_msca_mamba,123,white,0.02,0.8955259181117606,0.6907334318097816
ref_msca_mamba,123,white,0.05,0.8858640785750523,0.6504381928243406
ref_msca_mamba,123,white,0.1,0.8521938494785898,0.4954642162526552
ref_msca_mamba,123,white,0.2,0.7792952009430347,0.3122382042037456
ref_msca_mamba,123,drop,0.0,0.8968546131000522,0.694867985464678
ref_msca_mamba,123,drop,1.0,0.8876182871021516,0.6803631466656456
ref_msca_mamba,123,drop,2.0,0.8743897400299051,0.6450721244960311
ref_msca_mamba,123,drop,4.0,0.833561609812317,0.5353619258758215
ref_msca_mamba,123,drop,6.0,0.7699846776242378,0.39931909947539046
ref_msca_mamba,123,drop,8.0,0.6665307808081352,0.32054975197441976
ref_msca_mamba,456,wander,0.0,0.8974854933272216,0.6938110594113998
ref_msca_mamba,456,wander,0.1,0.8785092996629409,0.6493299432601565
ref_msca_mamba,456,wander,0.2,0.8421310446317278,0.5625110652619398
ref_msca_mamba,456,wander,0.5,0.7239392760688593,0.3561305895469865
ref_msca_mamba,456,wander,1.0,0.6067449086409046,0.2863790497770844
ref_msca_mamba,456,wander,2.0,0.5241686625671346,0.2622576625513781
ref_msca_mamba,456,white,0.0,0.8974854933272216,0.6938110594113998
ref_msca_mamba,456,white,0.01,0.8976169333380509,0.696620699650562
ref_msca_mamba,456,white,0.02,0.8959961607045115,0.6906157051726491
ref_msca_mamba,456,white,0.05,0.8816849462474459,0.6529537469547325
ref_msca_mamba,456,white,0.1,0.8400555236690446,0.5016950747642689
ref_msca_mamba,456,white,0.2,0.7501077089960938,0.3305919833770342
ref_msca_mamba,456,drop,0.0,0.8974854933272216,0.6938110594113998
ref_msca_mamba,456,drop,1.0,0.8866989398863051,0.6771698483745048
ref_msca_mamba,456,drop,2.0,0.8706894453163565,0.6332025085339082
ref_msca_mamba,456,drop,4.0,0.8280409380563871,0.5175892836616132
ref_msca_mamba,456,drop,6.0,0.7603608949265992,0.4013725670089805
ref_msca_mamba,456,drop,8.0,0.6657556444061161,0.318250671864402
ref_msca_mamba,789,wander,0.0,0.8948967804648713,0.6969331458281567
ref_msca_mamba,789,wander,0.1,0.8798549744229962,0.669195106299183
ref_msca_mamba,789,wander,0.2,0.8515647339561712,0.6030945978106794
ref_msca_mamba,789,wander,0.5,0.7290140842893048,0.39093265212319755
ref_msca_mamba,789,wander,1.0,0.5948904362333096,0.2881458823199148
ref_msca_mamba,789,wander,2.0,0.5227413503435236,0.2582561108704715
ref_msca_mamba,789,white,0.0,0.8948967804648713,0.6969331458281567
ref_msca_mamba,789,white,0.01,0.8945503557627157,0.6951548354559349
ref_msca_mamba,789,white,0.02,0.8934742646692919,0.6946601113990213
ref_msca_mamba,789,white,0.05,0.884607734110413,0.6693952929972686
ref_msca_mamba,789,white,0.1,0.84961107665057,0.5608755212477164
ref_msca_mamba,789,white,0.2,0.7726533356251692,0.357297825647071
ref_msca_mamba,789,drop,0.0,0.8948967804648713,0.6969331458281567
ref_msca_mamba,789,drop,1.0,0.8806903555248633,0.6684370231051318
ref_msca_mamba,789,drop,2.0,0.8651999008414061,0.6343175772859019
ref_msca_mamba,789,drop,4.0,0.8262870225121131,0.514981672144435
ref_msca_mamba,789,drop,6.0,0.7620357358724166,0.39957937284683376
ref_msca_mamba,789,drop,8.0,0.6716468533690401,0.3215383593283457
ref_msca_mamba,2025,wander,0.0,0.8914882825313472,0.6936032586752912
ref_msca_mamba,2025,wander,0.1,0.8785919994886712,0.6665093511858814
ref_msca_mamba,2025,wander,0.2,0.8506080414037538,0.5994846403057866
ref_msca_mamba,2025,wander,0.5,0.724294797867764,0.34710406919747844
ref_msca_mamba,2025,wander,1.0,0.5807616668087231,0.2769395868452011
ref_msca_mamba,2025,wander,2.0,0.5065905119647438,0.2608287105091196
ref_msca_mamba,2025,white,0.0,0.8914882825313472,0.6936032586752912
ref_msca_mamba,2025,white,0.01,0.8915965196372154,0.692573837655682
ref_msca_mamba,2025,white,0.02,0.8908378561020818,0.691095412286235
ref_msca_mamba,2025,white,0.05,0.8827023007381365,0.6656242989675033
ref_msca_mamba,2025,white,0.1,0.8524293495175069,0.5497448292286764
ref_msca_mamba,2025,white,0.2,0.7791186336133339,0.3532087819391799
ref_msca_mamba,2025,drop,0.0,0.8914882825313472,0.6936032586752912
ref_msca_mamba,2025,drop,1.0,0.8852305207314745,0.678229014716133
ref_msca_mamba,2025,drop,2.0,0.8724371742866991,0.6390757414555188
ref_msca_mamba,2025,drop,4.0,0.8323220402065974,0.49869222989906864
ref_msca_mamba,2025,drop,6.0,0.7638681909775934,0.3681603191481012
ref_msca_mamba,2025,drop,8.0,0.6760112886666154,0.3093267246280057
