tag,subclass,superclass,n,sens_mean,sens_sd
voltkd,AMI,MI,306,0.8542483660130719,0.02650888861525914
voltkd,CLBBB,CD,54,0.9888888888888889,0.010143010324169727
voltkd,CRBBB,CD,54,1.0,0.0
voltkd,ILBBB,CD,8,0.75,0.08838834764831845
voltkd,IMI,MI,327,0.8262996941896025,0.01998325290850711
voltkd,IRBBB,CD,112,0.8053571428571429,0.02036027544819891
voltkd,ISCA,STTC,93,0.8688172043010752,0.02567169115336196
voltkd,ISCI,STTC,40,0.8,0.030618621784789708
voltkd,ISC_,STTC,128,0.953125,0.018321936561810272
voltkd,IVCD,CD,79,0.28860759493670884,0.031518733159465157
voltkd,LAFB/LPFB,CD,179,0.829050279329609,0.02918961000583942
voltkd,LAO/LAE,HYP,42,0.3619047619047619,0.066068747264341
voltkd,LMI,MI,20,0.36,0.022360679774997918
voltkd,LVH,HYP,214,0.7205607476635514,0.06701983781049452
voltkd,NORM,NORM,963,0.9383177570093458,0.012343683960223627
voltkd,NST_,STTC,77,0.8025974025974026,0.03361604962479162
voltkd,PMI,MI,2,0.5,0.0
voltkd,RAO/RAE,HYP,10,0.16,0.05477225575051661
voltkd,RVH,HYP,12,0.25,0.08333333333333333
voltkd,SEHYP,HYP,2,0.8,0.27386127875258304
voltkd,STTC,STTC,222,0.7657657657657657,0.04103798909524459
voltkd,WPW,CD,8,0.45,0.11180339887498948
voltkd,_AVB,CD,82,0.6439024390243903,0.027809156709735095
ref_msca_mamba,AMI,MI,306,0.8006535947712419,0.03818078903773832
ref_msca_mamba,CLBBB,CD,54,0.9925925925925926,0.010143010324169727
ref_msca_mamba,CRBBB,CD,54,1.0,0.0
ref_msca_mamba,ILBBB,CD,8,0.85,0.05590169943749474
ref_msca_mamba,IMI,MI,327,0.7651376146788991,0.04359273316502867
ref_msca_mamba,IRBBB,CD,112,0.7142857142857143,0.07281029656383968
ref_msca_mamba,ISCA,STTC,93,0.832258064516129,0.042059370356146125
ref_msca_mamba,ISCI,STTC,40,0.775,0.05000000000000002
ref_msca_mamba,ISC_,STTC,128,0.925,0.03154160818466617
ref_msca_mamba,IVCD,CD,79,0.3265822784810127,0.07823563109044275
ref_msca_mamba,LAFB/LPFB,CD,179,0.8335195530726257,0.040938706057120154
ref_msca_mamba,LAO/LAE,HYP,42,0.30952380952380953,0.0733858809877259
ref_msca_mamba,LMI,MI,20,0.38,0.057008771254956916
ref_msca_mamba,LVH,HYP,214,0.5953271028037384,0.07437103432647764
ref_msca_mamba,NORM,NORM,963,0.8986500519210799,0.006169657643826764
ref_msca_mamba,NST_,STTC,77,0.7792207792207793,0.07288942961247936
ref_msca_mamba,PMI,MI,2,0.7,0.27386127875258304
ref_msca_mamba,RAO/RAE,HYP,10,0.12,0.08366600265340757
ref_msca_mamba,RVH,HYP,12,0.13333333333333333,0.11180339887498948
ref_msca_mamba,SEHYP,HYP,2,0.1,0.22360679774997902
ref_msca_mamba,STTC,STTC,222,0.7648648648648648,0.057279871564006594
ref_msca_mamba,WPW,CD,8,0.5,0.0
ref_msca_mamba,_AVB,CD,82,0.526829268292683,0.09263477568211193
