seed,subclass,superclass,n,auc,ap
42,AMI,MI,306,0.9656898036392384,0.8637127795186387
42,CLBBB,CD,54,0.9978964230390086,0.9596147598272787
42,CRBBB,CD,54,0.998107660892832,0.91570315771756
42,ILBBB,CD,8,0.8812790697674419,0.3932902264423883
42,IMI,MI,327,0.9437916814895354,0.7917768483428429
42,IRBBB,CD,112,0.9716040008378718,0.7290022745964618
42,ISCA,STTC,93,0.9256111848785441,0.32594588845956163
42,ISCI,STTC,40,0.9306657223796034,0.4033381109838893
42,ISC_,STTC,128,0.9648091133004927,0.696840005426755
42,IVCD,CD,79,0.755755262084376,0.15579796608513427
42,LAFB/LPFB,CD,179,0.9652411776163686,0.8180096923812409
42,LAO/LAE,HYP,42,0.7954923935547754,0.11765341562165955
42,LMI,MI,20,0.8863189897100093,0.06839367089017298
42,LVH,HYP,214,0.9441656090150379,0.7280141155230242
42,NORM,NORM,963,0.9504599034572052,0.9296173020251551
42,NST_,STTC,77,0.867134307307301,0.19672147610170135
42,RAO/RAE,HYP,10,0.904096834264432,0.2586669605018161
42,RVH,HYP,12,0.9423345759552656,0.22702374996103508
42,STTC,STTC,222,0.900095860323133,0.5321007153475917
42,WPW,CD,8,0.7798255813953489,0.483467675373346
42,_AVB,CD,82,0.9544797687861272,0.5002468101589336
123,AMI,MI,306,0.9673502590381005,0.8627697454020113
123,CLBBB,CD,54,0.9977908041120969,0.9630065991065084
123,CRBBB,CD,54,0.998107660892832,0.9159136016330337
123,ILBBB,CD,8,0.9080813953488373,0.1303676340521545
123,IMI,MI,327,0.9374616901911857,0.781569400582227
123,IRBBB,CD,112,0.9735372154726993,0.7225552226113092
123,ISCA,STTC,93,0.9330677705746049,0.3942544170908472
123,ISCI,STTC,40,0.9275967894239849,0.3721782188169587
123,ISC_,STTC,128,0.9632774014778325,0.6917232830677087
123,IVCD,CD,79,0.7400161957123983,0.15541900252442553
123,LAFB/LPFB,CD,179,0.9656420346600196,0.8097106704769496
123,LAO/LAE,HYP,42,0.8084998649743451,0.07762140721118727
123,LMI,MI,20,0.8948316183348924,0.05564141198565446
123,LVH,HYP,214,0.944809815007115,0.7190733768941909
123,NORM,NORM,963,0.9520718466090538,0.9337280705652107
123,NST_,STTC,77,0.8591461397804501,0.20843366748134518
123,RAO/RAE,HYP,10,0.8966945996275605,0.191272744092228
123,RVH,HYP,12,0.9201227089158124,0.21534657346429803
123,STTC,STTC,222,0.9090978892115256,0.5530880221337131
123,WPW,CD,8,0.7775,0.49437687423745946
123,_AVB,CD,82,0.9542271723295267,0.5713758490391528
456,AMI,MI,306,0.966732661387089,0.8635820294734292
456,CLBBB,CD,54,0.9984861287142657,0.9657494671189939
456,CRBBB,CD,54,0.9977996056893395,0.8895678430706938
456,ILBBB,CD,8,0.8877325581395349,0.14712597300995042
456,IMI,MI,327,0.941064273629323,0.7821422662320812
456,IRBBB,CD,112,0.9703122818042172,0.7485985936847058
456,ISCA,STTC,93,0.930589184826473,0.36533504784122833
456,ISCI,STTC,40,0.9372993389990557,0.41817677538526643
456,ISC_,STTC,128,0.9640317118226601,0.6719961798601382
456,IVCD,CD,79,0.7433953763067688,0.17265008941510063
456,LAFB/LPFB,CD,179,0.9705991119040427,0.8299722213365328
456,LAO/LAE,HYP,42,0.8127981816545142,0.08880423566604698
456,LMI,MI,20,0.8835126286248831,0.0760699668965989
456,LVH,HYP,214,0.9464708088150456,0.7076915786215031
456,NORM,NORM,963,0.9519467146339239,0.9344666660457409
456,NST_,STTC,77,0.8614302564326591,0.19096160421120867
456,RAO/RAE,HYP,10,0.880633147113594,0.1922099101389939
456,RVH,HYP,12,0.9216371543957751,0.21652943368824212
456,STTC,STTC,222,0.8979459831732559,0.5134464099566328
456,WPW,CD,8,0.7557558139534885,0.41715034604313783
456,_AVB,CD,82,0.9608827952441374,0.536926905384328
789,AMI,MI,306,0.9707735145894211,0.8823415773358554
789,CLBBB,CD,54,0.9982660892831995,0.9605073357388142
789,CRBBB,CD,54,0.9984245176735671,0.9348140461279703
789,ILBBB,CD,8,0.9043604651162792,0.15572196180806003
789,IMI,MI,327,0.9447904505651061,0.7935413717223784
789,IRBBB,CD,112,0.9719836614997905,0.7511830764301558
789,ISCA,STTC,93,0.9251321304902497,0.33570541850435553
789,ISCI,STTC,40,0.9299338999055713,0.38642927030152574
789,ISC_,STTC,128,0.964189501231527,0.6860527018080474
789,IVCD,CD,79,0.7505190543165227,0.16818076565441054
789,LAFB/LPFB,CD,179,0.9639454495668203,0.8256922900443271
789,LAO/LAE,HYP,42,0.8035714285714285,0.08676780832985002
789,LMI,MI,20,0.8938961646398503,0.10809964256443295
789,LVH,HYP,214,0.946740029229645,0.7102487642914743
789,NORM,NORM,963,0.9510186524850428,0.9323376173467008
789,NST_,STTC,77,0.8649125982138957,0.20476771149881154
789,RAO/RAE,HYP,10,0.9323091247672253,0.2777328473108528
789,RVH,HYP,12,0.9374805840323082,0.17211490213346536
789,STTC,STTC,222,0.9029460762415308,0.5284392236832394
789,WPW,CD,8,0.7874418604651162,0.5504028377440391
789,_AVB,CD,82,0.9609709102871374,0.551910575398053
2025,AMI,MI,306,0.9633517553889805,0.8461681796141172
2025,CLBBB,CD,54,0.9983012955921702,0.9618768137309162
2025,CRBBB,CD,54,0.9978524151527954,0.9019788197209951
2025,ILBBB,CD,8,0.857325581395349,0.3535805542132117
2025,IMI,MI,327,0.9428329967915796,0.7826569031553106
2025,IRBBB,CD,112,0.9661883815109622,0.7194512445194022
2025,ISCA,STTC,93,0.9280585279491785,0.3623122115054793
2025,ISCI,STTC,40,0.9421270066100095,0.45228704534635716
2025,ISC_,STTC,128,0.9658097290640395,0.694213390187499
2025,IVCD,CD,79,0.7409781966743991,0.1337084094563982
2025,LAFB/LPFB,CD,179,0.9673160362578019,0.8104266708691977
2025,LAO/LAE,HYP,42,0.7840939778557925,0.07453710385990286
2025,LMI,MI,20,0.8973807296538823,0.06729954483889744
2025,LVH,HYP,214,0.9494033883312181,0.7318790446273422
2025,NORM,NORM,963,0.9502626468019656,0.9292733075237181
2025,NST_,STTC,77,0.8565063000430614,0.19095891555899802
2025,RAO/RAE,HYP,10,0.8616852886405959,0.224034791324765
2025,RVH,HYP,12,0.916045355700528,0.21271503780126577
2025,STTC,STTC,222,0.8988766659221205,0.5296539596344596
2025,WPW,CD,8,0.8112209302325583,0.3608350376311116
2025,_AVB,CD,82,0.9566885191973307,0.4714370321100925
