tag,group,n,macro_auc,lo,hi
voltkd,All,2158,0.929781680212485,0.9224461796622054,0.9357535317703836
voltkd,Male,1110,0.9395726437648749,0.9308252833285208,0.9471400077300169
voltkd,Female,1048,0.9196898221572335,0.9086589272119021,0.9297559281380814
voltkd,Age < 40,284,0.9296382996121523,0.9049157682640437,0.9520699677904645
voltkd,Age 40-59,639,0.922173573759377,0.9009512905821135,0.9396829430312539
voltkd,Age 60-74,706,0.9254390910823165,0.9130755720115642,0.9361448397365982
voltkd,Age >= 75,529,0.9055861612498098,0.8900293571312852,0.9189532773215069
voltkd,Human-validated,2158,0.929781680212485,0.9231903039702737,0.9366705967187198
voltkd,Clean signal,1645,0.9319618517891286,0.9246256083538431,0.9387927983211082
voltkd,Any noise flag,513,0.922812008948519,0.9062942362151132,0.9372292686856727
voltkd,Single superclass,1650,0.9200113079514001,0.9068407459416413,0.9311672072778248
voltkd,Multiple superclasses,508,0.8959462069487923,0.8837395198531259,0.9081996795153878
voltkd,Device: CS-12,686,0.8997280276287208,0.8856832437358105,0.9153096902720569
voltkd,Device: CS-12   E,437,0.9288334914560137,0.9081290266115865,0.9464210331156253
voltkd,Device: AT-6 C 5.5,382,0.9468344074807853,0.9337095617535608,0.9582447756526596
voltkd,Device: AT-6     6,236,0.943804200540035,0.9237952103087829,0.9582758290365293
ref_msca_mamba,All,2158,0.8949750657289242,0.8868728167362282,0.9038273676288716
ref_msca_mamba,Male,1110,0.9055445072136223,0.894982806815428,0.9161925849808972
ref_msca_mamba,Female,1048,0.8836359199724747,0.8712282083908577,0.8961752515440791
ref_msca_mamba,Age < 40,284,0.894448824019964,0.8566404910529972,0.9253727051923576
ref_msca_mamba,Age 40-59,639,0.8925995141881323,0.8739615624845819,0.9109312476673509
ref_msca_mamba,Age 60-74,706,0.8820813367045849,0.86696059296308,0.8963386533790197
ref_msca_mamba,Age >= 75,529,0.8590424267421299,0.8404439383898352,0.8796474107120151
ref_msca_mamba,Human-validated,2158,0.8949750657289242,0.8873804060189473,0.9036948396432193
ref_msca_mamba,Clean signal,1645,0.8973813730979998,0.8879888908437077,0.907355640603095
ref_msca_mamba,Any noise flag,513,0.8869121279558033,0.8652928422732268,0.902002125788361
ref_msca_mamba,Single superclass,1650,0.8548099271122762,0.8398239894602035,0.871386280340588
ref_msca_mamba,Multiple superclasses,508,0.8515188143271828,0.8378460027012845,0.864523856255414
ref_msca_mamba,Device: CS-12,686,0.8592889509660431,0.8428014267965614,0.877072121216232
ref_msca_mamba,Device: CS-12   E,437,0.8912779556705367,0.8626068224988633,0.9170118106241196
ref_msca_mamba,Device: AT-6 C 5.5,382,0.907117681577917,0.8925451037524208,0.9236172457004529
ref_msca_mamba,Device: AT-6     6,236,0.9050430107349581,0.8818649041638064,0.930429327818712
