vs,metric,main_mean,other_mean,diff,t_lo,t_hi,p_paired_t,boot_lo,boot_hi,p_boot,n_seeds,p_boot_holm
abl_arch_z,macro_auc,0.929781680212485,0.910601898528627,0.019179781683857856,0.01697106609382021,0.021388497273895503,1.7555568271703837e-05,0.015760460704060807,0.022850103352025936,0.001,5,0.091
abl_arch_z,micro_auc,0.9404606121086145,0.9265887388752632,0.013871873233351262,0.010978086692301998,0.016765659774400525,0.00018422559443355318,0.011653145613032392,0.01612711960207801,0.001,5,0.091
abl_arch_z,macro_ap,0.8274116398246594,0.779453822794189,0.04795781703047044,0.04385099613505876,0.05206463792588212,5.395491897670248e-06,0.037628571583227056,0.05719745825297405,0.001,5,0.091
abl_arch_z,macro_f1,0.7542278207428854,0.7189283187195462,0.03529950202333913,0.03096683624518696,0.03963216780149131,2.2620598189868784e-05,0.027894729681778217,0.04310308841385146,0.001,5,0.091
abl_arch_z,micro_f1,0.7881777367863213,0.7613379769611386,0.02683975982518285,0.02197702564568239,0.031702494004683314,0.00010577262386646831,0.020862721614377674,0.0326787801140117,0.001,5,0.091
abl_arch_z,weighted_f1,0.786744919633184,0.7633521078062507,0.02339281182693318,0.018460244658295002,0.02832537899557136,0.00019214976637795087,0.017336204497191296,0.02918842213918609,0.001,5,0.091
abl_arch_z,subset_acc,0.6167747914735866,0.5732159406858202,0.043558850787766466,0.015105299248060658,0.07201240232747227,0.013153954765840558,0.03169369786839661,0.05514828544949032,0.001,5,0.091
abl_half,macro_auc,0.930206078644969,0.9297649391673365,0.0004411394776324314,-0.003939306745852827,0.004821585701117689,0.70704920134332,-0.0008333916322175422,0.0016857095251214594,0.512,3,1.0
abl_half,micro_auc,0.9406745714007297,0.9399038065390273,0.0007707648617024295,-0.0036630688874201606,0.005204598610825019,0.53247388412717,-0.00020754911469297865,0.001680334908560413,0.11,3,1.0
abl_half,macro_ap,0.8279477237362136,0.8295143323944757,-0.0015666086582619698,-0.01879860852680225,0.01566539121027831,0.7334135788829406,-0.005194687127657216,0.0015769958336076721,0.33,3,1.0
abl_half,macro_f1,0.7545361351560983,0.7584524785099003,-0.003916343353801903,-0.013706519231677376,0.005873832524073571,0.22735879641253162,-0.009160217910358487,0.0011078870600066371,0.14,3,1.0
abl_half,micro_f1,0.7889957812333469,0.7918116216612142,-0.0028158404278672,-0.004062465582057235,-0.0015692152736771646,0.010422026486172777,-0.006854635673863551,0.00125342381179449,0.176,3,1.0
abl_half,weighted_f1,0.7865614947109193,0.7897236352879394,-0.0031621405770201707,-0.005976958193583033,-0.00034732296045730804,0.04023651548778072,-0.007274699257795269,0.0009533460897758299,0.136,3,1.0
abl_half,subset_acc,0.620172999691072,0.6209453197405005,-0.0007723200494285098,-0.060212682449820094,0.058668042350963075,0.9604999097421892,-0.008344918134074907,0.006491350015446333,0.784,3,1.0
abl_insample,macro_auc,0.929781680212485,0.9304220869140643,-0.0006404067015792769,-0.0011803450921919248,-0.00010046831096662901,0.0301286190634526,-0.0018779261914815438,0.00038776084494313,0.238,5,1.0
abl_insample,micro_auc,0.9404606121086145,0.9400322591392835,0.0004283529693311472,-0.000153974105065337,0.0010106800437276315,0.11065139212568027,-0.0005684011841801978,0.0013937559993687672,0.402,5,1.0
abl_insample,macro_ap,0.8274116398246594,0.8281621620896302,-0.0007505222649710098,-0.0031721365987463657,0.0016710920688043464,0.43803758133150145,-0.0038847322904315114,0.0018171711321182027,0.548,5,1.0
abl_insample,macro_f1,0.7542278207428854,0.7560473253341324,-0.0018195045912469342,-0.007935538894268257,0.00429652971177439,0.4552301978365746,-0.005994879190291713,0.0017661065173165923,0.374,5,1.0
abl_insample,micro_f1,0.7881777367863213,0.7880823586214527,9.537816486866468e-05,-0.00480540241662866,0.0049961587463659895,0.959498602672355,-0.003099086393422179,0.0030163023220037316,0.988,5,1.0
abl_insample,weighted_f1,0.786744919633184,0.7877741105687274,-0.0010291909355433226,-0.004985693659628798,0.0029273117885421527,0.5101212148365628,-0.004208436033455049,0.0019331082597884102,0.508,5,1.0
abl_insample,subset_acc,0.6167747914735866,0.6117701575532901,0.005004633920296553,-0.01424859115077225,0.024257858991365355,0.5104109590619842,-0.0018558850787767504,0.01103104726598701,0.17,5,1.0
abl_noisyor,macro_auc,0.930206078644969,0.9309836697120794,-0.0007775910671103207,-0.001562050475849893,6.868341629251732e-06,0.050820690861086246,-0.002073242171991005,0.0005074085897942667,0.242,3,1.0
abl_noisyor,micro_auc,0.9406745714007297,0.9415115016218237,-0.000836930221093953,-0.0027876407960546927,0.001113780353866787,0.20617434079835822,-0.0018322026497178318,0.00015141756933844926,0.09,3,1.0
abl_noisyor,macro_ap,0.8279477237362136,0.8298714309622394,-0.0019237072260256765,-0.013736461394135617,0.009889046942084265,0.5560433949570955,-0.0050813419990372085,0.001452943815549956,0.282,3,1.0
abl_noisyor,macro_f1,0.7545361351560983,0.7536967313235118,0.0008394038325865161,-0.0038543220320028763,0.0055331296971759085,0.5220686982920525,-0.004026899430299613,0.00625904683420759,0.768,3,1.0
abl_noisyor,micro_f1,0.7889957812333469,0.787710125388287,0.0012856558450599447,-0.00859335115955999,0.011164662849679877,0.6318633513942941,-0.0023546160061180764,0.0050567742838421685,0.512,3,1.0
abl_noisyor,weighted_f1,0.7865614947109193,0.7854662242865516,0.0010952704243677447,-0.005167752421042166,0.007358293269777655,0.5302888206306141,-0.002762887180393042,0.005256321469514316,0.578,3,1.0
abl_noisyor,subset_acc,0.620172999691072,0.6112140871177015,0.008958912573370411,-0.04202109929427698,0.0599389244410178,0.5285020300018273,0.0021624961383998028,0.015446400988569753,0.008,3,0.36
abl_nornn,macro_auc,0.930206078644969,0.9303096769430209,-0.0001035982980518065,-0.0007275054150403855,0.0005203088189367724,0.549084941294831,-0.0013650990678364839,0.0013078464691223448,0.888,3,1.0
abl_nornn,micro_auc,0.9406745714007297,0.9412237700064939,-0.0005491986057641896,-0.002799180544779789,0.00170078333325141,0.40379422173674206,-0.0016932581914071098,0.0005965975618562043,0.314,3,1.0
abl_nornn,macro_ap,0.8279477237362136,0.8298905921470215,-0.0019428684108079668,-0.004467769677256069,0.000582032855640135,0.08038212030691147,-0.005083400433585369,0.0010879771378077157,0.216,3,1.0
abl_nornn,macro_f1,0.7545361351560983,0.7541348137900004,0.0004013213660980508,-0.005264867239380084,0.006067509971576185,0.789347590016082,-0.00549812943103693,0.005622994068482947,0.884,3,1.0
abl_nornn,micro_f1,0.7889957812333469,0.7883765466877922,0.0006192345455548661,-0.006742311395439003,0.007980780486548735,0.7520686005158674,-0.0034328220904321916,0.004693078232187799,0.776,3,1.0
abl_nornn,weighted_f1,0.7865614947109193,0.7866098338288801,-4.83391179606126e-05,-0.002977553370401902,0.0028808751344806764,0.9498556293145252,-0.004265053409419428,0.00403908881939079,0.974,3,1.0
abl_nornn,subset_acc,0.620172999691072,0.6135310472659871,0.0066419524250849555,-0.044025189043392164,0.05730909389356207,0.6295442835659832,-0.0009306456595613742,0.014523478529502547,0.096,3,1.0
abl_nosub,macro_auc,0.929781680212485,0.9299138441203814,-0.00013216390789638766,-0.0021448699046106435,0.0018805420888178682,0.864202664946985,-0.0011234976644693307,0.0008257103911730594,0.81,5,1.0
abl_nosub,micro_auc,0.9404606121086145,0.9404578624957098,2.749612904651144e-06,-0.0016180828870758675,0.0016235821128851697,0.9964675032702216,-0.000769531871361237,0.0007476346835493308,0.966,5,1.0
abl_nosub,macro_ap,0.8274116398246594,0.8274124728452135,-8.330205542250724e-07,-0.002749208554468259,0.002747542513359809,0.9993688538546108,-0.0024459862274701536,0.0025483992375417257,0.968,5,1.0
abl_nosub,macro_f1,0.7542278207428854,0.7518666314798546,0.002361189263030905,-0.0013397006883844212,0.006062079214446231,0.15119463384902204,-0.0017590909311227614,0.006127531270536894,0.266,5,1.0
abl_nosub,micro_f1,0.7881777367863213,0.7871883451039541,0.0009893916823673133,-0.002660619095356535,0.004639402460091162,0.4935584932678205,-0.0018970506384681255,0.0037293322124604135,0.544,5,1.0
abl_nosub,weighted_f1,0.786744919633184,0.7852331045827456,0.0015118150504383142,-0.0007705372363963087,0.003794167337272937,0.13974441398248133,-0.0014191596037223862,0.004387508185965446,0.36,5,1.0
abl_nosub,subset_acc,0.6167747914735866,0.6151992585727525,0.0015755329008340757,-0.012213126905333141,0.015364192707001291,0.766926944477952,-0.0041728452270621665,0.0070435588507876705,0.616,5,1.0
abl_plain,macro_auc,0.929781680212485,0.9277364145210288,0.002045265691456044,0.001166559575979437,0.002923971806932651,0.0029528340128532927,0.00019613159372685042,0.0037459022336063653,0.034,5,1.0
abl_plain,micro_auc,0.9404606121086145,0.9361143339201561,0.00434627818845823,0.00043044086592980164,0.00826211551098666,0.036872708292964164,0.0029790034811006476,0.005718303835765645,0.001,5,0.091
abl_plain,macro_ap,0.8274116398246594,0.8237909086091971,0.0036207312154621805,0.00015221915179590125,0.00708924327912846,0.044193572328887605,-0.0012559291395536213,0.008148839780709913,0.14,5,1.0
abl_plain,macro_f1,0.7542278207428854,0.7483918857138068,0.005835935029078554,0.0034482992532012197,0.00822357080495589,0.002461694222598647,0.0001703997915208534,0.011019410259259232,0.044,5,1.0
abl_plain,micro_f1,0.7881777367863213,0.780917723374895,0.007260013411426502,0.002858568951434562,0.011661457871418443,0.0101862306009839,0.00271482533029698,0.01152246746018187,0.004,5,0.188
abl_plain,weighted_f1,0.786744919633184,0.7803626034314488,0.006382316201735216,0.0025852421308908695,0.010179390272579563,0.009541110068549633,0.0018068584090505048,0.010603271102735325,0.004,5,0.188
abl_plain,subset_acc,0.6167747914735866,0.6152919369786839,0.0014828544949026857,-0.02123689621061168,0.024202605200417053,0.8650137216407399,-0.0067678405931418245,0.00945319740500461,0.742,5,1.0
abl_sub,macro_auc,0.929781680212485,0.928033249886045,0.0017484303264401423,-0.00028186325330997134,0.003778723906190256,0.07508662600320369,0.0001327796462550629,0.0032468147661503964,0.034,5,1.0
abl_sub,micro_auc,0.9404606121086145,0.9366246826749668,0.0038359294336477224,0.0011720354570811174,0.006499823410214328,0.016156952689851695,0.0025798072860938742,0.005158553998697626,0.001,5,0.091
abl_sub,macro_ap,0.8274116398246594,0.8239779033715215,0.0034337364531378256,-0.0016764220078468797,0.008543894914122531,0.13551708818631156,-0.0008615170357067825,0.007157182657125682,0.1,5,1.0
abl_sub,macro_f1,0.7542278207428854,0.7499464839003719,0.004281336842513595,0.0022103606117232235,0.006352313073303965,0.004564935710748043,-0.0012340807230197786,0.009966212486347194,0.134,5,1.0
abl_sub,micro_f1,0.7881777367863213,0.7826198128810681,0.005557923905253226,0.0014493909798258646,0.009666456830680587,0.019845136160191065,0.0014291835809336962,0.009805555659056492,0.01,5,0.44
abl_sub,weighted_f1,0.786744919633184,0.7818090267504936,0.0049358928826903625,0.001658808632869937,0.008212977132510789,0.013897677936907066,0.0007533417456846466,0.008994679552497475,0.022,5,0.946
abl_sub,subset_acc,0.6167747914735866,0.6111214087117702,0.005653382761816506,-0.01513358685330213,0.026440352376935143,0.4922106971786101,-0.0019508804448563396,0.013440685820203954,0.148,5,1.0
abl_zscore,macro_auc,0.929781680212485,0.9179301730576637,0.011851507154821462,0.010319243254459163,0.013383771055183761,2.780882141877127e-05,0.008904139912839013,0.015066564151574424,0.001,5,0.091
abl_zscore,micro_auc,0.9404606121086145,0.9339195158746708,0.006541096233943766,0.00501676064068279,0.008065431827204742,0.0002843073830427214,0.004660810916216234,0.008414856174828282,0.001,5,0.091
abl_zscore,macro_ap,0.8274116398246594,0.7948973834592157,0.032514256365443674,0.02785169619039629,0.037176816540491056,4.194817428390235e-05,0.023032289660163664,0.04153377362896993,0.001,5,0.091
abl_zscore,macro_f1,0.7542278207428854,0.7283447319534556,0.02588308878942991,0.023191927952985334,0.028574249625874484,1.1690676178554072e-05,0.018605540043648568,0.0331415418279637,0.001,5,0.091
abl_zscore,micro_f1,0.7881777367863213,0.7707995084096775,0.017378228376643868,0.013694593661223779,0.021061863092063957,0.00019615044546309845,0.01183989103821852,0.022875776732976447,0.001,5,0.091
abl_zscore,weighted_f1,0.786744919633184,0.7714095046037209,0.015335415029463052,0.012443055970994814,0.01822777408793129,0.00012393034691342771,0.009754415774926663,0.02092428581182341,0.001,5,0.091
abl_zscore,subset_acc,0.6167747914735866,0.5851714550509731,0.03160333642261352,0.0064790444380650805,0.056727628407161966,0.025067449446555257,0.02131603336422627,0.041612604263206565,0.001,5,0.091
lead_ii,macro_auc,0.930206078644969,0.8566352347632442,0.07357084388172479,0.07148609371202116,0.07565559405142841,4.337062851667378e-05,0.06565982870487105,0.0813552100990775,0.001,3,0.091
lead_ii,micro_auc,0.9406745714007297,0.8814593661548148,0.059215205245915024,0.055977309053267595,0.062453101438562454,0.00016146618272439844,0.05299893573887811,0.06552425812116178,0.001,3,0.091
lead_ii,macro_ap,0.8279477237362136,0.6827786053003618,0.14516911843585178,0.13715555934418053,0.15318267752752304,0.00016455936650192434,0.12941379445927403,0.16049076064658352,0.001,3,0.091
lead_ii,macro_f1,0.7545361351560983,0.6366793456676337,0.1178567894884646,0.11647927803989314,0.11923430093703608,7.379107267030589e-06,0.10462974164670236,0.1321429234243581,0.001,3,0.091
lead_ii,micro_f1,0.7889957812333469,0.6805312849937247,0.10846449623962229,0.10686138291198087,0.1100676095672637,1.179975431480327e-05,0.09624609479575884,0.12099879401453865,0.001,3,0.091
lead_ii,weighted_f1,0.7865614947109193,0.6867684985445122,0.09979299616640709,0.09837885345336912,0.10120713887944506,1.0846926547475006e-05,0.08706425336376304,0.11189687141112747,0.001,3,0.091
lead_ii,subset_acc,0.620172999691072,0.4618473895582329,0.15832561013283905,0.13066654200461075,0.18598467826106735,0.0016444771638368383,0.14009499536607958,0.17531665122026568,0.001,3,0.091
lead_limb6,macro_auc,0.930206078644969,0.8963961741246989,0.03380990452027018,0.029788055968533497,0.03783175307200687,0.0007634724438818149,0.028792367428471955,0.03897560859457773,0.001,3,0.091
lead_limb6,micro_auc,0.9406745714007297,0.9147492147033893,0.025925356697340456,0.022439951228031083,0.02941076216664983,0.0009748753953262005,0.022054557722136138,0.029796576592527584,0.001,3,0.091
lead_limb6,macro_ap,0.8279477237362136,0.7597461595193998,0.06820156421681374,0.05400404517146341,0.08239908326216407,0.002332609437083836,0.056668053512630205,0.07939496589220033,0.001,3,0.091
lead_limb6,macro_f1,0.7545361351560983,0.6922360775071361,0.06230005764896237,0.046823841468233554,0.07777627382969118,0.0033167689223534934,0.052041472663140936,0.0724745354089433,0.001,3,0.091
lead_limb6,micro_f1,0.7889957812333469,0.7325083371392552,0.05648744409409179,0.04194196265501696,0.07103292553316662,0.003562494224059007,0.04769656866995625,0.06480589504142581,0.001,3,0.091
lead_limb6,weighted_f1,0.7865614947109193,0.7341411709065792,0.05242032380434014,0.0411381748029526,0.06370247280572769,0.002492788320217596,0.04329876505126486,0.0606857383080335,0.001,3,0.091
lead_limb6,subset_acc,0.620172999691072,0.5179178251467408,0.1022551745443312,0.036789052483569465,0.16772129660509294,0.02143144518359235,0.0868049119555142,0.11692925548347233,0.001,3,0.091
ref_msca_mamba,macro_auc,0.929781680212485,0.8949750657289242,0.034806614483560906,0.03282713223371723,0.036786096733404584,1.0532716745919832e-06,0.030074432755441416,0.03955256329521682,0.001,5,0.091
ref_msca_mamba,micro_auc,0.9404606121086145,0.9164429762526591,0.0240176358559554,0.021655024583305302,0.026380247128605497,9.375991672015232e-06,0.020705469262381232,0.02721553521541461,0.001,5,0.091
ref_msca_mamba,macro_ap,0.8274116398246594,0.7535764650997521,0.07383517472490735,0.06947315445630126,0.07819719499351344,1.2262601892022962e-06,0.06237098271562333,0.08438027841384266,0.001,5,0.091
ref_msca_mamba,macro_f1,0.7542278207428854,0.694070529043173,0.06015729169971249,0.05676574467035005,0.06354883872907492,1.0172794985963997e-06,0.05064449267070256,0.06934832847634717,0.001,5,0.091
ref_msca_mamba,micro_f1,0.7881777367863213,0.7389697763219061,0.049207960464415265,0.043374304283548104,0.055041616645282426,1.9704091522809442e-05,0.04123971222595281,0.05632645102157699,0.001,5,0.091
ref_msca_mamba,weighted_f1,0.786744919633184,0.7414813906346229,0.04526352899856116,0.04405846559976296,0.046468592397359364,5.0696112043579463e-08,0.03734959107433668,0.05230548269431685,0.001,5,0.091
ref_msca_mamba,subset_acc,0.6167747914735866,0.5618164967562558,0.054958294717330845,0.02692201108462643,0.08299457835003526,0.005533709723898936,0.04151760889712698,0.06701112140871165,0.001,5,0.091
ref_msca_mamba_mv,macro_auc,0.929781680212485,0.915707306543737,0.01407437366874804,0.012907244188660141,0.01524150314883594,4.746530920927241e-06,0.011224163509342916,0.016895288778266633,0.001,5,0.091
ref_msca_mamba_mv,micro_auc,0.9404606121086145,0.9270930913244071,0.013367520784207509,0.011200108678719336,0.015534932889695681,6.82255894188858e-05,0.010830455894933162,0.015822166077313276,0.001,5,0.091
ref_msca_mamba_mv,macro_ap,0.8274116398246594,0.8016608503489557,0.02575078947570373,0.020710803516449543,0.030790775434957916,0.0001433829610870384,0.01786130380643312,0.033029156008276495,0.001,5,0.091
ref_msca_mamba_mv,macro_f1,0.7542278207428854,0.7308758131441648,0.023352007598720737,0.02069797968633201,0.026006035511109464,1.6660342865315383e-05,0.015208051787372825,0.03041779904821313,0.001,5,0.091
ref_msca_mamba_mv,micro_f1,0.7881777367863213,0.7638280014554031,0.024349735330918176,0.02149180223662583,0.02720766842521052,1.8935192592606723e-05,0.017369437200078282,0.03034696035849903,0.001,5,0.091
ref_msca_mamba_mv,weighted_f1,0.786744919633184,0.7628863893468434,0.023858530286340662,0.021160998808147476,0.02655606176453385,1.6319246348279247e-05,0.017013998099203627,0.029875471579230744,0.001,5,0.091
ref_msca_mamba_mv,subset_acc,0.6167747914735866,0.5955514365152921,0.021223354958294704,0.0033894460501627532,0.039057263866426654,0.029817942148971197,0.00954587581093613,0.03271547729379065,0.002,5,0.096
