config,metric,published_seed42,ours_seed42,diff,win
msca_noSE,macro_auc,0.8986,0.930073620967271,0.03147362096727102,1
msca_noSE,micro_auc,0.9115,0.9408544605707301,0.0293544605707301,1
msca_noSE,macro_ap,0.7631,0.8299081258130675,0.0668081258130675,1
msca_noSE,macro_f1,0.7016,0.7552905887279884,0.053690588727988375,1
msca_noSE,micro_f1,0.7465,0.7871830020562028,0.04068300205620279,1
msca_noSE,weighted_f1,0.7464,0.7858756496193596,0.039475649619359676,1
msca_mamba,macro_auc,0.902,0.930073620967271,0.02807362096727095,1
msca_mamba,micro_auc,0.9188,0.9408544605707301,0.022054460570730128,1
msca_mamba,macro_ap,0.7693,0.8299081258130675,0.060608125813067515,1
msca_mamba,macro_f1,0.71,0.7552905887279884,0.04529058872798841,1
msca_mamba,micro_f1,0.7571,0.7871830020562028,0.030083002056202846,1
msca_mamba,weighted_f1,0.7553,0.7858756496193596,0.030575649619359657,1
msca_mamba,auc_NORM,0.9394,0.9503847373749224,0.010984737374922338,1
msca_mamba,auc_MI,0.9142,0.9374118046132971,0.023211804613297082,1
msca_mamba,auc_STTC,0.9305,0.943106684785731,0.012606684785731015,1
msca_mamba,auc_CD,0.9144,0.9264840747641785,0.012084074764178498,1
msca_mamba,auc_HYP,0.8115,0.8929808032982254,0.08148080329822538,1
msca_mamba,f1_NORM,0.8538,0.8592800374006545,0.005480037400654503,1
msca_mamba,ap_HYP,0.4662,0.6607453023209072,0.19454530232090722,1
msca_mamba,f1_HYP,0.4682,0.6035087719298246,0.13530877192982455,1
msca_mamba,rec_NORM,0.9335,0.9543094496365524,0.020809449636552402,1
msca_mamba,rec_MI,0.7855,0.7963636363636364,0.010863636363636409,1
msca_mamba,rec_STTC,0.7774,0.7869481765834933,0.009548176583493273,1
msca_mamba,rec_CD,0.6714,0.7217741935483871,0.050374193548387125,1
msca_mamba,rec_HYP,0.4924,0.6564885496183206,0.1640885496183206,1
se_postfusion,macro_auc,0.9028,0.930073620967271,0.02727362096727093,1
se_postfusion,micro_auc,0.9185,0.9408544605707301,0.022354460570730095,1
se_postfusion,macro_ap,0.7661,0.8299081258130675,0.0638081258130675,1
se_postfusion,macro_f1,0.707,0.7552905887279884,0.048290588727988415,1
se_postfusion,micro_f1,0.7519,0.7871830020562028,0.03528300205620283,1
se_postfusion,weighted_f1,0.7501,0.7858756496193596,0.03577564961935964,1
se_postseq,macro_auc,0.9006,0.930073620967271,0.02947362096727102,1
se_postseq,micro_auc,0.919,0.9408544605707301,0.02185446057073004,1
se_postseq,macro_ap,0.7639,0.8299081258130675,0.06600812581306748,1
se_postseq,macro_f1,0.714,0.7552905887279884,0.04129058872798841,1
se_postseq,micro_f1,0.7599,0.7871830020562028,0.02728300205620282,1
se_postseq,weighted_f1,0.7586,0.7858756496193596,0.027275649619359577,1
