config,metric,published_mean,published_sd,ours_mean,ours_sd,diff,win,p_welch,p_holm,significant
msca_mamba,macro_auc,0.8998,0.0022,0.929781680212485,0.0011565620607904743,0.02998168021248493,1,1.5411664798137385e-07,3.2364496076088508e-06,1
msca_mamba,micro_auc,0.9119,0.0052,0.9404606121086145,0.0011333019395857124,0.02856061210861449,1,0.0001626076419524476,0.0004878229258573428,1
msca_mamba,macro_ap,0.7651,0.0036,0.8274116398246594,0.002046972403265899,0.06231163982465937,1,2.1747602775079586e-08,5.871852749271488e-07,1
msca_mamba,macro_f1,0.7038,0.0045,0.7542278207428854,0.000925045741779797,0.05042782074288543,1,8.052469017188218e-06,7.304814440228194e-05,1
msca_mamba,micro_f1,0.7474,0.0074,0.7881777367863213,0.002114783545633207,0.04077773678632135,1,0.00011941766306521761,0.00047767065226087045,1
msca_mamba,weighted_f1,0.7494,0.0039,0.786744919633184,0.0006515819533434927,0.03734491963318409,1,1.919474213770543e-05,0.000137558260445569,1
msca_mamba,subset_acc,0.5691,0.0143,0.6167747914735866,0.013090312225973594,0.04767479147358655,1,0.0005901544429876036,0.0005901544429876036,1
msca_noSE,macro_auc,0.8997,0.0016,0.929781680212485,0.0011565620607904743,0.030081680212484918,1,2.6684913501066664e-09,9.072870590362665e-08,1
msca_noSE,micro_auc,0.9128,0.0031,0.9404606121086145,0.0011333019395857124,0.02766061210861459,1,7.304814440228194e-06,7.304814440228194e-05,1
msca_noSE,macro_ap,0.7644,0.0037,0.8274116398246594,0.002046972403265899,0.0630116398246594,1,2.8883498729429316e-08,7.509709669651622e-07,1
msca_noSE,macro_f1,0.7012,0.0024,0.7542278207428854,0.000925045741779797,0.05302782074288537,1,5.9308550956371706e-08,1.4234052229529208e-06,1
msca_noSE,micro_f1,0.7462,0.0044,0.7881777367863213,0.002114783545633207,0.04197773678632133,1,1.926637326414157e-06,3.0826197222626515e-05,1
ms_cnn,macro_auc,0.9012,0.0013,0.929781680212485,0.0011565620607904743,0.028581680212484972,1,4.157043873871272e-10,1.662817549548509e-08,1
ms_cnn,micro_auc,0.9175,0.0025,0.9404606121086145,0.0011333019395857124,0.022960612108614553,1,3.021113677234579e-06,3.927447780404953e-05,1
ms_cnn,macro_ap,0.7644,0.0019,0.8274116398246594,0.002046972403265899,0.0630116398246594,1,2.938854504479897e-11,1.2637074369263558e-09,1
ms_cnn,macro_f1,0.701,0.0034,0.7542278207428854,0.000925045741779797,0.05322782074288546,1,1.115939243784191e-06,2.008690638811544e-05,1
ms_cnn,micro_f1,0.7492,0.0065,0.7881777367863213,0.002114783545633207,0.038977736786321326,1,6.59088573998967e-05,0.0003295442869994835,1
single_scale,macro_auc,0.8964,0.0011,0.929781680212485,0.0011565620607904743,0.033381680212485,1,5.0665582189143526e-11,2.127954451944028e-09,1
single_scale,micro_auc,0.914,0.002,0.9404606121086145,0.0011333019395857124,0.0264606121086145,1,1.2055405844954752e-07,2.6521892858900455e-06,1
single_scale,macro_ap,0.7579,0.0017,0.8274116398246594,0.002046972403265899,0.06951163982465935,1,1.613542638838956e-11,7.099587610891406e-10,1
single_scale,macro_f1,0.6977,0.0029,0.7542278207428854,0.000925045741779797,0.056527820742885426,1,2.496069988472193e-07,4.992139976944385e-06,1
single_scale,micro_f1,0.7438,0.0024,0.7881777367863213,0.002114783545633207,0.04437773678632129,1,1.6197111536335566e-09,5.830960153080804e-08,1
m_conv,macro_auc,0.9043,0.0014,0.929781680212485,0.0011565620607904743,0.02548168021248498,1,1.9976778842984396e-09,6.991872595044539e-08,1
m_conv,micro_auc,0.9225,0.0018,0.9404606121086145,0.0011333019395857124,0.01796061210861455,1,4.3552648004189936e-07,8.275003120796088e-06,1
m_conv,macro_ap,0.7719,0.0027,0.8274116398246594,0.002046972403265899,0.05551163982465934,1,1.0842322314212252e-09,4.120082479400656e-08,1
m_conv,macro_f1,0.7094,0.0055,0.7542278207428854,0.000925045741779797,0.04482782074288538,1,3.749696421234499e-05,0.00022498178527406997,1
m_conv,micro_f1,0.754,0.0075,0.7881777367863213,0.002114783545633207,0.0341777367863213,1,0.0002848324433361432,0.0005696648866722864,1
m_gru,macro_auc,0.9062,0.0014,0.929781680212485,0.0011565620607904743,0.023581680212484968,1,3.6185045509472224e-09,1.1714875002643563e-07,1
m_gru,micro_auc,0.9251,0.001,0.9404606121086145,0.0011333019395857124,0.015360612108614502,1,1.8245830835707477e-08,5.291290942355168e-07,1
m_gru,macro_ap,0.7764,0.0026,0.8274116398246594,0.002046972403265899,0.051011639824659394,1,1.3074088931609557e-09,4.837412904695536e-08,1
m_gru,macro_f1,0.7115,0.0036,0.7542278207428854,0.000925045741779797,0.04272782074288539,1,4.434531669676679e-06,5.321438003612014e-05,1
m_gru,micro_f1,0.7559,0.0024,0.7881777367863213,0.002114783545633207,0.03227773678632129,1,1.937408386286065e-08,5.424743481600982e-07,1
m_lstm,macro_auc,0.9044,0.001,0.929781680212485,0.0011565620607904743,0.02538168021248499,1,4.319807520760655e-10,1.6847249330966555e-08,1
m_lstm,micro_auc,0.9227,0.0026,0.9404606121086145,0.0011333019395857124,0.01776061210861457,1,1.7194782555696125e-05,0.000137558260445569,1
m_lstm,macro_ap,0.7706,0.003,0.8274116398246594,0.002046972403265899,0.05681163982465942,1,3.551832765602355e-09,1.1714875002643563e-07,1
m_lstm,macro_f1,0.707,0.0018,0.7542278207428854,0.000925045741779797,0.04722782074288545,1,3.549962122013201e-09,1.1714875002643563e-07,1
m_lstm,micro_f1,0.7524,0.0041,0.7881777367863213,0.002114783545633207,0.035777736786321346,1,2.4017787802093316e-06,3.362490292293064e-05,1
m_transformer,macro_auc,0.8971,0.0008,0.929781680212485,0.0011565620607904743,0.032681680212484965,1,1.9129618358360917e-10,7.843143526927975e-09,1
m_transformer,micro_auc,0.9161,0.0006,0.9404606121086145,0.0011333019395857124,0.02436061210861451,1,9.400287101705875e-09,2.8200861305117627e-07,1
m_transformer,macro_ap,0.7569,0.0018,0.8274116398246594,0.002046972403265899,0.07051163982465936,1,1.2356414411338348e-11,5.560386485102257e-10,1
m_transformer,macro_f1,0.7018,0.0043,0.7542278207428854,0.000925045741779797,0.052427820742885434,1,5.267153915013281e-06,5.7938693065146086e-05,1
m_transformer,micro_f1,0.7484,0.0043,0.7881777367863213,0.002114783545633207,0.03977773678632135,1,2.0858994910181254e-06,3.128849236527188e-05,1
bimamba,macro_auc,0.9047,0.0018,0.929781680212485,0.0011565620607904743,0.025081680212485025,1,4.203438370180698e-08,1.0508595925451745e-06,1
bimamba,macro_ap,0.7712,0.0038,0.8274116398246594,0.002046972403265899,0.056211639824659376,1,8.13389512292815e-08,1.8707958782734746e-06,1
bimamba,macro_f1,0.7098,0.0032,0.7542278207428854,0.000925045741779797,0.04442782074288543,1,1.6681830483943399e-06,2.8359111822703777e-05,1
